account_id,account_tier,account_age_days,account_status,historical_terminal_ids,primary_device_fingerprint,account_region
ACC001,victim,228,active,"ATM049,ATM047,ATM003",DEV001,Mumbai
ACC002,victim,851,active,ATM040,DEV002,Thane
ACC003,victim,564,active,"ATM017,ATM004",DEV003,Mumbai
ACC004,victim,505,active,"ATM036,ATM049",DEV004,Thane
ACC005,victim,1840,active,ATM038,DEV005,Mumbai
ACC006,victim,1471,active,"ATM036,ATM002",DEV006,Navi Mumbai
ACC007,victim,280,active,ATM046,DEV007,Nagpur
ACC008,victim,657,active,"ATM024,ATM046",DEV008,Thane
ACC009,victim,2309,active,ATM031,DEV009,Mumbai
ACC010,victim,1759,active,"ATM018,ATM022",DEV010,Navi Mumbai
ACC011,victim,283,active,"ATM004,ATM046,ATM009",DEV011,Pune
ACC012,victim,552,active,ATM001,DEV012,Thane
ACC013,victim,786,active,"ATM040,ATM001,ATM002",DEV013,Nagpur
ACC014,victim,561,active,"ATM022,ATM020,ATM027",DEV014,Pune
ACC015,victim,1487,active,"ATM027,ATM030,ATM003",DEV015,Thane
ACC016,victim,1218,active,"ATM033,ATM023,ATM016",DEV016,Nagpur
ACC017,victim,340,active,ATM034,DEV017,Pune
ACC018,victim,340,inactive,"ATM034,ATM011",DEV018,Nagpur
ACC019,victim,1395,active,"ATM042,ATM032,ATM017",DEV019,Nagpur
ACC020,victim,2153,inactive,"ATM031,ATM039,ATM041",DEV020,Navi Mumbai
ACC021,victim,410,active,"ATM029,ATM018",DEV021,Thane
ACC022,victim,1232,active,ATM038,DEV022,Navi Mumbai
ACC023,victim,44,active,ATM024,DEV023,Mumbai
ACC024,victim,138,active,"ATM024,ATM008",DEV024,Thane
ACC025,victim,728,active,ATM048,DEV025,Pune
ACC026,victim,1008,active,"ATM003,ATM019",DEV026,Thane
ACC027,victim,92,inactive,ATM010,DEV027,Pune
ACC028,victim,950,active,"ATM010,ATM020,ATM042",DEV028,Pune
ACC029,victim,2156,active,"ATM040,ATM008",DEV029,Mumbai
ACC030,victim,788,active,ATM010,DEV030,Pune
ACC031,victim,1655,active,"ATM027,ATM038,ATM008",DEV031,Pune
ACC032,victim,1106,active,ATM046,DEV032,Mumbai
ACC033,victim,1818,active,"ATM046,ATM049",DEV033,Navi Mumbai
ACC034,victim,127,active,ATM048,DEV034,Mumbai
ACC035,victim,2000,inactive,ATM018,DEV035,Navi Mumbai
ACC036,victim,1448,active,ATM040,DEV036,Pune
ACC037,victim,2375,active,"ATM037,ATM012,ATM036",DEV037,Pune
ACC038,victim,1489,active,ATM004,DEV038,Pune
ACC039,victim,1403,inactive,"ATM047,ATM040",DEV039,Thane
ACC040,victim,302,active,"ATM021,ATM032",DEV040,Pune
ACC041,victim,1123,active,ATM004,DEV041,Thane
ACC042,victim,2433,active,"ATM050,ATM021,ATM030",DEV042,Navi Mumbai
ACC043,victim,1021,inactive,"ATM007,ATM034",DEV043,Pune
ACC044,victim,799,active,"ATM016,ATM026",DEV044,Nagpur
ACC045,victim,203,active,"ATM035,ATM011",DEV045,Mumbai
ACC046,victim,561,active,"ATM029,ATM039,ATM022",DEV046,Pune
ACC047,victim,700,active,"ATM027,ATM047,ATM026",DEV047,Thane
ACC048,victim,565,active,"ATM046,ATM009,ATM031",DEV048,Navi Mumbai
ACC049,victim,376,active,"ATM042,ATM002,ATM023",DEV049,Nagpur
ACC050,victim,2479,active,ATM004,DEV050,Mumbai
ACC051,victim,1366,active,ATM045,DEV051,Nagpur
ACC052,victim,766,active,ATM003,DEV052,Nagpur
ACC053,victim,1794,active,"ATM018,ATM003",DEV053,Nagpur
ACC054,victim,901,active,"ATM049,ATM004,ATM008",DEV054,Nagpur
ACC055,victim,2153,active,"ATM043,ATM045,ATM009",DEV055,Navi Mumbai
ACC056,victim,1228,active,"ATM046,ATM020,ATM039",DEV056,Pune
ACC057,victim,1995,active,"ATM045,ATM012",DEV057,Navi Mumbai
ACC058,victim,1372,inactive,"ATM034,ATM033,ATM036",DEV058,Pune
ACC059,victim,1564,active,"ATM026,ATM006,ATM024",DEV059,Nagpur
ACC060,victim,2068,active,"ATM023,ATM011",DEV060,Navi Mumbai
ACC061,victim,1473,active,ATM035,DEV061,Pune
ACC062,victim,58,active,ATM007,DEV062,Pune
ACC063,victim,1715,inactive,ATM046,DEV063,Pune
ACC064,victim,2118,active,"ATM019,ATM046",DEV064,Nagpur
ACC065,victim,1926,active,"ATM004,ATM018,ATM027",DEV065,Navi Mumbai
ACC066,victim,447,active,ATM026,DEV066,Nagpur
ACC067,victim,859,active,"ATM041,ATM011",DEV067,Pune
ACC068,victim,2126,active,"ATM022,ATM017",DEV068,Navi Mumbai
ACC069,victim,1562,active,"ATM002,ATM003,ATM022",DEV069,Navi Mumbai
ACC070,victim,1864,active,ATM021,DEV070,Navi Mumbai
ACC071,victim,140,inactive,"ATM008,ATM033,ATM049",DEV071,Pune
ACC072,victim,830,active,ATM045,DEV072,Mumbai
ACC073,victim,167,active,"ATM031,ATM034",DEV073,Pune
ACC074,victim,2081,inactive,"ATM012,ATM039",DEV074,Thane
ACC075,victim,884,active,ATM041,DEV075,Nagpur
ACC076,victim,2173,active,ATM027,DEV076,Pune
ACC077,victim,2344,active,"ATM027,ATM021,ATM049",DEV077,Navi Mumbai
ACC078,victim,1591,active,"ATM012,ATM016",DEV078,Navi Mumbai
ACC079,victim,513,inactive,ATM017,DEV079,Pune
ACC080,victim,937,active,ATM030,DEV080,Navi Mumbai
ACC081,victim,1527,active,ATM031,DEV081,Navi Mumbai
ACC082,victim,197,active,"ATM004,ATM002,ATM003",DEV082,Pune
ACC083,victim,2355,active,"ATM013,ATM044,ATM033",DEV083,Navi Mumbai
ACC084,victim,1473,inactive,ATM010,DEV084,Nagpur
ACC085,victim,604,active,"ATM006,ATM036",DEV085,Pune
ACC086,victim,25,active,"ATM047,ATM023",DEV086,Thane
ACC087,victim,2426,active,ATM044,DEV087,Navi Mumbai
ACC088,victim,176,inactive,"ATM022,ATM004,ATM019",DEV088,Pune
ACC089,victim,760,active,ATM049,DEV089,Navi Mumbai
ACC090,victim,266,active,"ATM009,ATM049,ATM032",DEV090,Mumbai
ACC091,victim,1247,active,"ATM040,ATM038",DEV091,Nagpur
ACC092,victim,2261,active,"ATM002,ATM030",DEV092,Pune
ACC093,victim,1888,active,ATM010,DEV093,Navi Mumbai
ACC094,victim,472,active,ATM035,DEV094,Mumbai
ACC095,victim,2305,active,ATM002,DEV095,Nagpur
ACC096,victim,2080,active,"ATM006,ATM024,ATM045",DEV096,Thane
ACC097,victim,338,active,ATM046,DEV097,Navi Mumbai
ACC098,victim,2336,active,ATM032,DEV098,Mumbai
ACC099,victim,2232,active,"ATM026,ATM042,ATM035",DEV099,Mumbai
ACC100,victim,325,active,"ATM019,ATM050",DEV100,Nagpur
ACC101,victim,599,active,ATM012,DEV101,Navi Mumbai
ACC102,victim,1444,active,ATM038,DEV102,Mumbai
ACC103,victim,252,inactive,"ATM004,ATM021",DEV103,Mumbai
ACC104,victim,496,active,ATM046,DEV104,Pune
ACC105,victim,59,inactive,"ATM038,ATM035",DEV105,Navi Mumbai
ACC106,victim,1517,active,ATM041,DEV106,Thane
ACC107,victim,1837,active,"ATM040,ATM025,ATM019",DEV107,Thane
ACC108,victim,1173,active,"ATM005,ATM050,ATM021",DEV108,Pune
ACC109,victim,816,active,"ATM003,ATM012,ATM040",DEV109,Pune
ACC110,victim,963,inactive,"ATM008,ATM002,ATM042",DEV110,Mumbai
ACC111,victim,1976,active,"ATM023,ATM037",DEV111,Pune
ACC112,victim,173,active,"ATM025,ATM048,ATM024",DEV112,Navi Mumbai
ACC113,victim,273,active,ATM023,DEV113,Nagpur
ACC114,victim,2101,active,"ATM035,ATM006,ATM029",DEV114,Pune
ACC115,victim,1932,active,ATM016,DEV115,Nagpur
ACC116,victim,1866,inactive,"ATM019,ATM034",DEV116,Nagpur
ACC117,victim,1670,active,"ATM030,ATM039,ATM040",DEV117,Thane
ACC118,mule_l1,1200,inactive,"ATM039,ATM011,ATM008",DEV118,Mumbai
ACC119,mule_l1,2143,active,"ATM002,ATM013,ATM050",DEV119,Pune
ACC120,mule_l1,1814,active,"ATM029,ATM007,ATM048",DEV120,Navi Mumbai
ACC121,mule_l1,815,active,"ATM021,ATM002",DEV121,Navi Mumbai
ACC122,mule_l1,636,inactive,ATM027,DEV122,Thane
ACC123,mule_l1,1495,inactive,"ATM033,ATM003",DEV123,Thane
ACC124,mule_l1,105,inactive,"ATM037,ATM019",DEV124,Pune
ACC125,mule_l1,2117,active,"ATM030,ATM050",DEV125,Pune
ACC126,mule_l1,1863,active,"ATM047,ATM010",DEV126,Mumbai
ACC127,mule_l1,2096,active,"ATM017,ATM046,ATM022",DEV127,Thane
ACC128,mule_l1,520,active,ATM005,DEV128,Navi Mumbai
ACC129,mule_l1,1055,inactive,"ATM008,ATM007",DEV129,Navi Mumbai
ACC130,mule_l1,244,active,ATM009,DEV130,Pune
ACC131,mule_l1,2157,active,"ATM048,ATM017",DEV131,Mumbai
ACC132,mule_l1,1560,active,"ATM044,ATM027",DEV132,Nagpur
ACC133,mule_l1,523,active,"ATM018,ATM035",DEV133,Nagpur
ACC134,mule_l1,608,inactive,"ATM047,ATM040,ATM002",DEV134,Thane
ACC135,mule_l1,2289,active,"ATM035,ATM030,ATM046",DEV135,Thane
ACC136,mule_l1,426,inactive,"ATM036,ATM043",DEV136,Nagpur
ACC137,mule_l1,140,active,"ATM021,ATM020",DEV137,Thane
ACC138,mule_l1,2455,active,"ATM022,ATM010,ATM013",DEV138,Thane
ACC139,mule_l1,21,inactive,ATM037,DEV139,Pune
ACC140,mule_l1,1161,active,"ATM028,ATM018,ATM039",DEV140,Mumbai
ACC141,mule_l1,2226,inactive,ATM036,DEV141,Navi Mumbai
ACC142,mule_l1,257,active,"ATM049,ATM014",DEV142,Navi Mumbai
ACC143,mule_l1,1730,active,ATM007,DEV143,Nagpur
ACC144,mule_l1,1604,active,"ATM008,ATM032",DEV144,Pune
ACC145,mule_l1,246,inactive,"ATM048,ATM019",DEV145,Navi Mumbai
ACC146,mule_l1,505,active,"ATM026,ATM006",DEV146,Nagpur
ACC147,mule_l1,1086,active,ATM012,DEV147,Mumbai
ACC148,mule_l1,399,active,ATM044,DEV148,Nagpur
ACC149,mule_l1,1298,active,"ATM016,ATM001,ATM043",DEV149,Navi Mumbai
ACC150,mule_l1,1999,active,"ATM001,ATM031",DEV150,Navi Mumbai
ACC151,mule_l1,736,active,"ATM031,ATM030,ATM029",DEV151,Pune
ACC152,mule_l1,279,active,"ATM048,ATM049,ATM026",DEV152,Mumbai
ACC153,mule_l1,1098,inactive,"ATM031,ATM041,ATM023",DEV153,Navi Mumbai
ACC154,mule_l1,2477,active,"ATM030,ATM027,ATM024",DEV154,Nagpur
ACC155,mule_l1,284,active,"ATM038,ATM017",DEV155,Navi Mumbai
ACC156,mule_l1,806,inactive,ATM034,DEV156,Mumbai
ACC157,mule_l1,2385,active,"ATM008,ATM044,ATM006",DEV157,Mumbai
ACC158,mule_l2,2339,active,ATM032,DEV158,Thane
ACC159,mule_l2,1714,active,ATM014,DEV159,Nagpur
ACC160,mule_l2,175,inactive,ATM041,DEV160,Mumbai
ACC161,mule_l2,25,active,"ATM041,ATM015,ATM032",DEV161,Thane
ACC162,mule_l2,1754,inactive,"ATM015,ATM022,ATM040",DEV162,Nagpur
ACC163,mule_l2,1580,active,"ATM021,ATM022,ATM012",DEV163,Mumbai
ACC164,mule_l2,1935,active,"ATM046,ATM033,ATM016",DEV164,Mumbai
ACC165,mule_l2,770,active,ATM011,DEV165,Navi Mumbai
ACC166,mule_l2,2284,active,"ATM050,ATM015",DEV166,Pune
ACC167,mule_l2,1991,active,ATM016,DEV167,Pune
ACC168,mule_l2,272,active,"ATM035,ATM049,ATM014",DEV168,Mumbai
ACC169,mule_l2,1142,active,ATM036,DEV169,Thane
ACC170,mule_l2,351,active,ATM038,DEV170,Nagpur
ACC171,mule_l2,1498,active,"ATM041,ATM020,ATM024",DEV171,Mumbai
ACC172,mule_l2,1762,active,ATM042,DEV172,Pune
ACC173,mule_l2,652,active,"ATM041,ATM043",DEV173,Nagpur
ACC174,mule_l2,164,active,"ATM026,ATM045,ATM004",DEV174,Mumbai
ACC175,mule_l2,660,inactive,"ATM015,ATM001",DEV175,Thane
ACC176,mule_l2,616,inactive,ATM014,DEV176,Pune
ACC177,mule_l2,570,active,"ATM029,ATM008",DEV177,Thane
ACC178,mule_l2,1964,inactive,ATM028,DEV178,Navi Mumbai
ACC179,mule_l2,1786,inactive,"ATM017,ATM032",DEV179,Navi Mumbai
ACC180,mule_l2,1887,inactive,ATM050,DEV180,Navi Mumbai
ACC181,mule_l2,618,active,ATM050,DEV181,Thane
ACC182,mule_l2,246,active,ATM019,DEV182,Mumbai
ACC183,mule_l2,739,active,"ATM016,ATM046,ATM020",DEV183,Thane
ACC184,mule_l2,1190,inactive,ATM045,DEV184,Navi Mumbai
ACC185,mule_l2,34,active,"ATM024,ATM040,ATM034",DEV185,Nagpur
ACC186,mule_l2,2360,active,ATM010,DEV186,Thane
ACC187,mule_l2,162,active,"ATM043,ATM044,ATM030",DEV187,Pune
ACC188,mule_l2,2181,inactive,"ATM031,ATM023",DEV188,Navi Mumbai
ACC189,mule_l2,103,inactive,ATM028,DEV189,Navi Mumbai
ACC190,mule_l2,358,inactive,"ATM045,ATM021,ATM015",DEV190,Pune
ACC191,mule_l2,2269,active,"ATM036,ATM001",DEV191,Thane
ACC192,mule_l2,241,active,ATM033,DEV192,Pune
ACC193,mule_l2,963,inactive,"ATM009,ATM026",DEV193,Navi Mumbai
ACC194,mule_l2,593,active,"ATM015,ATM003,ATM028",DEV194,Navi Mumbai
ACC195,mule_l2,305,active,"ATM018,ATM049",DEV195,Nagpur
ACC196,aggregator,488,inactive,"ATM043,ATM029",DEV196,Nagpur
ACC197,aggregator,2248,active,ATM035,DEV197,Pune
ACC198,aggregator,2248,active,"ATM047,ATM007,ATM019",DEV198,Navi Mumbai
ACC199,aggregator,1832,active,"ATM043,ATM027",DEV199,Thane
ACC200,aggregator,1310,inactive,"ATM008,ATM028",DEV200,Navi Mumbai
