scenario_id,transaction_id,pattern_type,is_fraud,involved_account_ids,expected_cashout_terminal_id
SC001,SC001-TX001,fan_in,True,"ACC094,ACC001,ACC025,ACC088,ACC021,ACC128",ATM023
SC001,SC001-TX002,fan_in,True,"ACC094,ACC001,ACC025,ACC088,ACC021,ACC128",ATM023
SC001,SC001-TX003,fan_in,True,"ACC094,ACC001,ACC025,ACC088,ACC021,ACC128",ATM023
SC001,SC001-TX004,fan_in,True,"ACC094,ACC001,ACC025,ACC088,ACC021,ACC128",ATM023
SC001,SC001-TX005,fan_in,True,"ACC094,ACC001,ACC025,ACC088,ACC021,ACC128",ATM023
SC002,SC002-TX001,fan_in,True,"ACC096,ACC091,ACC053,ACC066,ACC070,ACC155",ATM014
SC002,SC002-TX002,fan_in,True,"ACC096,ACC091,ACC053,ACC066,ACC070,ACC155",ATM014
SC002,SC002-TX003,fan_in,True,"ACC096,ACC091,ACC053,ACC066,ACC070,ACC155",ATM014
SC002,SC002-TX004,fan_in,True,"ACC096,ACC091,ACC053,ACC066,ACC070,ACC155",ATM014
SC002,SC002-TX005,fan_in,True,"ACC096,ACC091,ACC053,ACC066,ACC070,ACC155",ATM014
SC003,SC003-TX001,fan_out,True,"ACC154,ACC166,ACC194,ACC167,ACC198,ACC192",ATM027
SC003,SC003-TX002,fan_out,True,"ACC154,ACC166,ACC194,ACC167,ACC198,ACC192",ATM027
SC003,SC003-TX003,fan_out,True,"ACC154,ACC166,ACC194,ACC167,ACC198,ACC192",ATM027
SC003,SC003-TX004,fan_out,True,"ACC154,ACC166,ACC194,ACC167,ACC198,ACC192",ATM027
SC003,SC003-TX005,fan_out,True,"ACC154,ACC166,ACC194,ACC167,ACC198,ACC192",ATM027
SC004,SC004-TX001,fan_out,True,"ACC142,ACC176,ACC188,ACC187,ACC172,ACC168",ATM032
SC004,SC004-TX002,fan_out,True,"ACC142,ACC176,ACC188,ACC187,ACC172,ACC168",ATM032
SC004,SC004-TX003,fan_out,True,"ACC142,ACC176,ACC188,ACC187,ACC172,ACC168",ATM032
SC004,SC004-TX004,fan_out,True,"ACC142,ACC176,ACC188,ACC187,ACC172,ACC168",ATM032
SC004,SC004-TX005,fan_out,True,"ACC142,ACC176,ACC188,ACC187,ACC172,ACC168",ATM032
SC005,SC005-TX001,layering,True,"ACC142,ACC192,ACC197",ATM009
SC005,SC005-TX002,layering,True,"ACC142,ACC192,ACC197",ATM009
SC006,SC006-TX001,layering,True,"ACC142,ACC194,ACC197",ATM040
SC006,SC006-TX002,layering,True,"ACC142,ACC194,ACC197",ATM040
SC007,SC007-TX001,triadic,True,"ACC078,ACC002,ACC045",ATM023
SC007,SC007-TX002,triadic,True,"ACC078,ACC002,ACC045",ATM023
SC007,SC007-TX003,triadic,True,"ACC078,ACC002,ACC045",ATM023
