terminal_id,terminal_type,latitude,longitude,district,pincode,status
ATM001,AEPS_MICRO_ATM,21.151789,79.089614,Nagpur,440001,active
ATM002,AEPS_MICRO_ATM,19.23121,72.978902,Thane,400601,active
ATM003,POS,19.090267,72.906829,Mumbai,400001,active
ATM004,AEPS_MICRO_ATM,19.226918,73.00661,Thane,400601,active
ATM005,POS,19.094257,72.850834,Mumbai,400001,active
ATM006,AEPS_MICRO_ATM,19.080867,72.840085,Mumbai,400050,active
ATM007,AEPS_MICRO_ATM,19.016523,73.019011,Navi Mumbai,400703,active
ATM008,POS,19.197962,72.995481,Thane,400601,active
ATM009,ATM_KIOSK,19.060868,72.836484,Mumbai,400050,active
ATM010,POS,21.124692,79.071047,Nagpur,440001,active
ATM011,POS,19.228022,72.974167,Thane,400601,active
ATM012,AEPS_MICRO_ATM,19.062048,72.835079,Mumbai,400050,active
ATM013,ATM_KIOSK,21.151645,79.096781,Nagpur,440001,active
ATM014,AEPS_MICRO_ATM,18.549295,73.845548,Pune,411001,active
ATM015,AEPS_MICRO_ATM,19.047757,73.003502,Navi Mumbai,400703,active
ATM016,ATM_KIOSK,18.531927,73.853362,Pune,411001,active
ATM017,ATM_KIOSK,21.161327,79.098063,Nagpur,440001,active
ATM018,POS,19.222304,72.966701,Thane,400601,active
ATM019,AEPS_MICRO_ATM,19.086479,72.837181,Mumbai,400050,active
ATM020,POS,18.495289,73.857687,Pune,411001,active
ATM021,POS,21.13928,79.063833,Nagpur,440001,active
ATM022,POS,18.510489,73.871158,Pune,411001,active
ATM023,AEPS_MICRO_ATM,19.104867,72.869535,Mumbai,400001,active
ATM024,POS,19.082691,72.854413,Mumbai,400050,active
ATM025,POS,21.154185,79.089118,Nagpur,440001,active
ATM026,ATM_KIOSK,19.054815,72.868463,Mumbai,400001,active
ATM027,ATM_KIOSK,21.138464,79.117741,Nagpur,440001,active
ATM028,POS,19.206509,72.950187,Thane,400601,active
ATM029,POS,19.034535,73.029703,Navi Mumbai,400703,active
ATM030,POS,19.05713,73.034989,Navi Mumbai,400703,active
ATM031,POS,19.089028,72.849441,Mumbai,400001,active
ATM032,AEPS_MICRO_ATM,18.497913,73.865062,Pune,411001,active
ATM033,ATM_KIOSK,19.241165,72.975556,Thane,400601,active
ATM034,ATM_KIOSK,19.048131,72.904996,Mumbai,400001,active
ATM035,AEPS_MICRO_ATM,18.490756,73.854277,Pune,411001,active
ATM036,AEPS_MICRO_ATM,18.513894,73.86441,Pune,411001,active
ATM037,POS,19.046426,73.05469,Navi Mumbai,400703,active
ATM038,ATM_KIOSK,21.140277,79.112662,Nagpur,440001,active
ATM039,ATM_KIOSK,18.53032,73.833821,Pune,411001,active
ATM040,ATM_KIOSK,18.501625,73.882468,Pune,411001,active
ATM041,AEPS_MICRO_ATM,19.031367,72.857667,Mumbai,400050,active
ATM042,POS,21.145667,79.093754,Nagpur,440001,active
ATM043,ATM_KIOSK,18.53772,73.871812,Pune,411001,active
ATM044,ATM_KIOSK,19.194867,72.984681,Thane,400601,active
ATM045,ATM_KIOSK,18.518256,73.875439,Pune,411001,active
ATM046,POS,19.074744,72.81673,Mumbai,400050,active
ATM047,AEPS_MICRO_ATM,18.496115,73.833253,Pune,411001,active
ATM048,ATM_KIOSK,19.236518,72.962077,Thane,400601,active
ATM049,POS,19.223663,72.985778,Thane,400601,active
ATM050,POS,18.499864,73.868383,Pune,411001,active
