transaction_id,source_account_id,target_account_id,amount_inr,timestamp,payment_channel,device_fingerprint,balance_before,balance_after
TX000785,ACC153,ACC027,4511.15,2026-08-27T00:09:46.583613,RTGS,DEV153,44140.4,39629.25
TX000181,ACC074,ACC174,1682.85,2026-08-27T13:48:46.575358,RTGS,DEV074,206140.18,204457.33
TX000809,ACC079,ACC143,926.52,2026-08-28T01:36:46.584165,RTGS,DEV079,78500.4,77573.88
TX000669,ACC133,ACC003,3268.31,2026-08-27T16:14:46.581165,UPI,DEV133,279207.16,275938.85
TX000735,ACC011,ACC082,730.34,2026-08-29T11:32:46.582546,RTGS,DEV011,151676.34,150946.0
TX000490,ACC053,ACC089,4298.72,2026-08-28T06:39:46.577802,IMPS,DEV053,97252.68,92953.96
TX000202,ACC199,ACC155,1544.98,2026-08-27T00:49:46.575529,UPI,DEV199,223398.97,221853.99
TX000912,ACC154,ACC098,1043.35,2026-08-29T01:55:46.587051,NEFT,DEV154,45317.58,44274.23
TX000085,ACC093,ACC082,1522.02,2026-08-27T22:59:46.574635,RTGS,DEV093,227436.07,225914.05
SC007-TX002,ACC002,ACC045,20749.4,2026-08-29T16:34:24.586228,UPI,DEV002,94108.95,73359.55
TX000751,ACC189,ACC167,5299.61,2026-08-28T03:23:46.582861,NEFT,DEV189,49686.75,44387.14
TX000447,ACC162,ACC058,2072.77,2026-08-29T16:00:46.577453,UPI,DEV162,255461.89,253389.12
TX000126,ACC030,ACC073,1168.54,2026-08-27T13:12:46.574945,NEFT,DEV030,60239.67,59071.13
TX000083,ACC135,ACC124,480.84,2026-08-27T19:58:46.574619,IMPS,DEV135,247242.02,246761.18
TX000010,ACC082,ACC057,640.8,2026-08-29T00:13:46.573919,IMPS,DEV082,33131.93,32491.13
TX000411,ACC186,ACC013,539.73,2026-08-28T19:13:46.577149,RTGS,DEV186,40397.67,39857.94
TX000167,ACC050,ACC184,1629.06,2026-08-29T14:52:46.575254,IMPS,DEV050,157879.19,156250.13
TX000976,ACC058,ACC198,369.68,2026-08-28T10:01:46.588572,AEPS,DEV058,160200.09,159830.41
TX000753,ACC166,ACC103,1681.49,2026-08-28T19:08:46.582907,AEPS,DEV166,199856.87,198175.38
TX000827,ACC199,ACC182,212.62,2026-08-28T16:25:46.584556,UPI,DEV199,269025.04,268812.42
TX000196,ACC006,ACC097,651.86,2026-08-28T22:28:46.575483,RTGS,DEV006,293002.36,292350.5
TX000891,ACC059,ACC034,1175.92,2026-08-28T09:24:46.586585,AEPS,DEV059,265187.94,264012.02
TX000700,ACC189,ACC196,4569.46,2026-08-27T12:41:46.581792,AEPS,DEV189,58589.84,54020.38
TX000191,ACC078,ACC161,1283.8,2026-08-27T04:23:46.575445,AEPS,DEV078,133756.22,132472.42
TX000628,ACC040,ACC035,4030.44,2026-08-27T14:58:46.580275,AEPS,DEV040,31033.78,27003.34
TX000056,ACC137,ACC146,549.87,2026-08-28T02:28:46.574387,NEFT,DEV137,291129.44,290579.57
TX000656,ACC190,ACC072,9652.89,2026-08-28T08:02:46.580896,NEFT,DEV190,72913.51,63260.62
TX000960,ACC148,ACC177,14973.96,2026-08-27T19:52:46.588177,IMPS,DEV148,193234.72,178260.76
TX000727,ACC029,ACC066,586.46,2026-08-29T15:23:46.582384,RTGS,DEV029,233351.36,232764.9
TX000936,ACC028,ACC139,468.19,2026-08-27T21:32:46.587612,UPI,DEV028,111063.47,110595.28
TX000229,ACC008,ACC062,449.27,2026-08-27T06:11:46.575735,RTGS,DEV008,243422.81,242973.54
SC001-TX001,ACC094,ACC128,38494.24,2026-08-29T16:33:46.585193,UPI,DEV094,130747.31,92253.07
TX000778,ACC066,ACC067,711.12,2026-08-27T11:21:46.583455,IMPS,DEV066,220022.47,219311.35
TX000270,ACC043,ACC042,674.74,2026-08-26T21:58:46.576053,AEPS,DEV043,58247.26,57572.52
TX000719,ACC196,ACC070,1213.91,2026-08-28T19:42:46.582226,RTGS,DEV196,168091.19,166877.28
TX000648,ACC140,ACC114,18594.79,2026-08-28T10:38:46.580735,RTGS,DEV140,134373.06,115778.27
TX000966,ACC141,ACC016,1068.88,2026-08-27T00:52:46.588320,IMPS,DEV141,100665.47,99596.59
TX000632,ACC066,ACC131,1105.78,2026-08-26T20:59:46.580351,IMPS,DEV066,56030.56,54924.78
TX000278,ACC037,ACC086,2316.16,2026-08-27T06:38:46.576111,UPI,DEV037,208288.04,205971.88
TX000937,ACC061,ACC119,2437.5,2026-08-27T02:42:46.587634,AEPS,DEV061,62554.23,60116.73
TX000757,ACC056,ACC114,783.66,2026-08-28T22:42:46.582991,RTGS,DEV056,71908.78,71125.12
TX000065,ACC020,ACC181,196.21,2026-08-28T01:03:46.574464,AEPS,DEV020,242475.21,242279.0
TX000387,ACC116,ACC081,2076.82,2026-08-29T12:55:46.576970,RTGS,DEV116,225157.07,223080.25
TX000667,ACC173,ACC153,744.54,2026-08-27T20:47:46.581113,IMPS,DEV173,151571.71,150827.17
TX000677,ACC119,ACC002,767.45,2026-08-27T16:06:46.581325,RTGS,DEV119,120162.79,119395.34
TX000663,ACC148,ACC193,564.29,2026-08-29T04:17:46.581031,UPI,DEV148,259086.2,258521.91
TX000726,ACC046,ACC001,7405.39,2026-08-28T11:10:46.582364,NEFT,DEV046,94706.27,87300.88
TX000454,ACC190,ACC094,171.19,2026-08-26T23:31:46.577507,IMPS,DEV190,30819.74,30648.55
TX000582,ACC145,ACC028,3522.05,2026-08-29T04:35:46.579498,IMPS,DEV145,45096.69,41574.64
TX000443,ACC184,ACC199,1177.14,2026-08-29T12:43:46.577420,UPI,DEV184,276251.33,275074.19
TX000803,ACC019,ACC166,1112.53,2026-08-27T05:10:46.584034,AEPS,DEV019,121417.51,120304.98
TX000346,ACC083,ACC161,612.3,2026-08-27T08:20:46.576647,AEPS,DEV083,167554.07,166941.77
TX000704,ACC191,ACC127,1162.31,2026-08-27T01:30:46.581878,RTGS,DEV191,109251.37,108089.06
SC002-TX003,ACC053,ACC155,16489.59,2026-08-29T16:35:14.585393,IMPS,DEV053,268905.98,252416.39
TX000051,ACC197,ACC091,504.12,2026-08-28T08:37:46.574294,RTGS,DEV197,217541.38,217037.26
TX000687,ACC077,ACC046,6628.62,2026-08-27T19:16:46.581513,UPI,DEV077,206097.03,199468.41
TX000665,ACC031,ACC109,357.63,2026-08-28T18:36:46.581075,NEFT,DEV031,158611.42,158253.79
TX000117,ACC020,ACC049,4082.59,2026-08-27T17:18:46.574878,UPI,DEV020,27559.98,23477.39
TX000101,ACC061,ACC155,211.73,2026-08-28T01:22:46.574756,NEFT,DEV061,182887.95,182676.22
TX000978,ACC092,ACC127,448.77,2026-08-27T02:55:46.588625,AEPS,DEV092,171538.6,171089.83
TX000308,ACC052,ACC021,1024.4,2026-08-27T05:08:46.576352,AEPS,DEV052,145960.32,144935.92
TX000695,ACC162,ACC085,1926.38,2026-08-29T03:28:46.581685,RTGS,DEV162,171661.25,169734.87
TX000559,ACC028,ACC016,271.1,2026-08-27T05:37:46.579050,UPI,DEV028,153784.25,153513.15
TX000538,ACC163,ACC146,467.93,2026-08-27T06:42:46.578651,UPI,DEV163,183318.12,182850.19
TX000541,ACC145,ACC123,480.79,2026-08-28T08:13:46.578705,AEPS,DEV145,256326.01,255845.22
TX000675,ACC046,ACC112,207.19,2026-08-29T10:07:46.581290,UPI,DEV046,211730.48,211523.29
TX000080,ACC005,ACC074,443.04,2026-08-28T01:25:46.574597,NEFT,DEV005,111617.25,111174.21
TX000412,ACC037,ACC198,3287.98,2026-08-26T20:32:46.577156,RTGS,DEV037,52102.78,48814.8
TX000215,ACC047,ACC135,2606.42,2026-08-28T00:46:46.575627,NEFT,DEV047,128758.02,126151.6
TX000305,ACC083,ACC167,1699.87,2026-08-26T16:43:46.576330,IMPS,DEV083,147855.55,146155.68
TX000174,ACC176,ACC134,1358.04,2026-08-29T14:34:46.575306,IMPS,DEV176,91014.93,89656.89
TX000441,ACC021,ACC120,1559.34,2026-08-29T13:33:46.577403,UPI,DEV021,166955.56,165396.22
TX000263,ACC199,ACC049,917.29,2026-08-26T19:16:46.575996,IMPS,DEV199,58129.52,57212.23
TX000515,ACC023,ACC071,653.26,2026-08-28T22:41:46.578059,RTGS,DEV023,135898.3,135245.04
TX000540,ACC140,ACC121,351.45,2026-08-29T09:25:46.578689,NEFT,DEV140,39309.53,38958.08
TX000659,ACC052,ACC101,1901.53,2026-08-29T11:08:46.580951,IMPS,DEV052,274762.43,272860.9
TX000479,ACC142,ACC101,3145.13,2026-08-28T09:50:46.577714,IMPS,DEV142,215097.23,211952.1
TX000768,ACC144,ACC062,4020.87,2026-08-29T00:17:46.583233,RTGS,DEV144,102358.63,98337.76
TX000572,ACC076,ACC087,172.74,2026-08-27T02:05:46.579344,UPI,DEV076,185561.34,185388.6
TX000773,ACC151,ACC161,6993.55,2026-08-29T14:20:46.583342,UPI,DEV151,35319.51,28325.96
TX000600,ACC055,ACC009,100,2026-08-26T16:56:46.579668,IMPS,DEV055,34782.23,34682.23
TX000507,ACC195,ACC080,1592.18,2026-08-28T11:47:46.577992,UPI,DEV195,196996.56,195404.38
TX000772,ACC061,ACC183,3376.33,2026-08-27T00:59:46.583322,IMPS,DEV061,36437.11,33060.78
TX000525,ACC021,ACC181,1088.79,2026-08-27T23:08:46.578277,RTGS,DEV021,222838.26,221749.47
SC003-TX005,ACC154,ACC192,9847.56,2026-08-29T16:36:06.585586,IMPS,DEV154,214797.19,204949.63
TX000116,ACC127,ACC109,2752.57,2026-08-26T23:56:46.574871,IMPS,DEV127,215389.58,212637.01
TX000594,ACC035,ACC117,1207.77,2026-08-27T03:21:46.579615,NEFT,DEV035,57943.4,56735.63
TX000426,ACC127,ACC162,4454.95,2026-08-29T11:14:46.577278,AEPS,DEV127,210744.48,206289.53
TX000265,ACC144,ACC125,1212.25,2026-08-27T02:08:46.576013,IMPS,DEV144,131089.74,129877.49
TX000232,ACC081,ACC182,4096.38,2026-08-27T03:42:46.575758,AEPS,DEV081,251535.25,247438.87
TX000067,ACC085,ACC052,1765.96,2026-08-28T12:56:46.574482,AEPS,DEV085,148583.23,146817.27
TX000379,ACC022,ACC106,666.58,2026-08-26T17:06:46.576909,UPI,DEV022,212143.2,211476.62
TX000524,ACC022,ACC140,1188.2,2026-08-27T15:43:46.578249,NEFT,DEV022,280724.72,279536.52
TX000044,ACC165,ACC013,10549.01,2026-08-26T16:53:46.574243,NEFT,DEV165,138180.83,127631.82
TX000149,ACC012,ACC006,4484.71,2026-08-27T19:45:46.575120,RTGS,DEV012,177243.91,172759.2
TX000147,ACC040,ACC085,1506.33,2026-08-29T15:25:46.575105,AEPS,DEV040,60050.01,58543.68
TX000550,ACC005,ACC025,2059.27,2026-08-27T06:56:46.578863,NEFT,DEV005,28413.32,26354.05
TX000807,ACC054,ACC156,757.71,2026-08-29T10:21:46.584121,NEFT,DEV054,113183.04,112425.33
TX000041,ACC082,ACC003,1508.75,2026-08-28T10:18:46.574220,RTGS,DEV082,202276.12,200767.37
TX000780,ACC136,ACC109,647.21,2026-08-27T18:25:46.583504,AEPS,DEV136,145720.31,145073.1
TX000068,ACC130,ACC116,308.15,2026-08-27T06:11:46.574490,AEPS,DEV130,244396.53,244088.38
TX000381,ACC171,ACC067,1750.55,2026-08-26T22:20:46.576924,NEFT,DEV171,177937.98,176187.43
TX000942,ACC179,ACC100,337.57,2026-08-28T13:27:46.587753,NEFT,DEV179,105370.18,105032.61
TX000671,ACC108,ACC089,1067.43,2026-08-28T08:40:46.581204,NEFT,DEV108,246009.24,244941.81
TX000561,ACC122,ACC199,1879.4,2026-08-26T22:06:46.579092,UPI,DEV122,158724.07,156844.67
TX000078,ACC103,ACC013,3146.77,2026-08-28T23:26:46.574573,NEFT,DEV103,175348.45,172201.68
TX000195,ACC145,ACC130,506.35,2026-08-27T19:52:46.575475,AEPS,DEV145,147239.92,146733.57
TX000765,ACC190,ACC153,1984.24,2026-08-29T14:28:46.583173,IMPS,DEV190,120953.71,118969.47
TX000706,ACC103,ACC180,4208.74,2026-08-28T21:00:46.581928,AEPS,DEV103,61536.24,57327.5
TX000142,ACC016,ACC137,786.66,2026-08-27T08:24:46.575067,NEFT,DEV016,201918.22,201131.56
TX000993,ACC110,ACC082,3406.24,2026-08-28T23:12:46.588967,UPI,DEV110,81909.64,78503.4
TX000533,ACC123,ACC051,2289.55,2026-08-28T02:41:46.578440,NEFT,DEV123,130852.49,128562.94
TX000661,ACC096,ACC176,337.0,2026-08-27T22:24:46.580991,UPI,DEV096,192908.34,192571.34
TX000260,ACC061,ACC087,183.54,2026-08-28T03:56:46.575974,IMPS,DEV061,198231.56,198048.02
TX000251,ACC034,ACC060,3190.35,2026-08-27T22:13:46.575905,IMPS,DEV034,231116.14,227925.79
TX000385,ACC068,ACC135,1637.42,2026-08-28T19:11:46.576955,UPI,DEV068,242768.19,241130.77
TX000399,ACC059,ACC104,2160.16,2026-08-29T13:30:46.577058,NEFT,DEV059,216819.25,214659.09
TX000127,ACC052,ACC190,1787.95,2026-08-27T18:28:46.574952,AEPS,DEV052,268742.79,266954.84
TX000435,ACC081,ACC009,248.11,2026-08-28T21:18:46.577349,UPI,DEV081,174742.87,174494.76
TX000248,ACC045,ACC019,580.48,2026-08-28T22:24:46.575880,IMPS,DEV045,169384.25,168803.77
TX000026,ACC115,ACC157,349.49,2026-08-27T14:21:46.574106,IMPS,DEV115,278007.74,277658.25
TX000532,ACC135,ACC148,137.92,2026-08-27T10:15:46.578419,IMPS,DEV135,223032.81,222894.89
TX000330,ACC118,ACC067,533.6,2026-08-27T12:23:46.576525,AEPS,DEV118,38467.29,37933.69
TX000030,ACC039,ACC043,174.51,2026-08-27T04:13:46.574137,AEPS,DEV039,84006.57,83832.06
TX000609,ACC068,ACC180,100,2026-08-29T14:32:46.579847,RTGS,DEV068,278863.42,278763.42
TX000388,ACC075,ACC144,1329.04,2026-08-28T04:04:46.576978,RTGS,DEV075,110438.53,109109.49
TX000482,ACC167,ACC107,3382.63,2026-08-28T09:21:46.577738,AEPS,DEV167,88479.72,85097.09
TX000649,ACC174,ACC096,1673.8,2026-08-28T22:52:46.580754,UPI,DEV174,152883.11,151209.31
SC001-TX005,ACC021,ACC128,29300.58,2026-08-29T16:36:42.585193,IMPS,DEV021,97146.72,67846.14
TX000301,ACC059,ACC066,764.14,2026-08-29T11:50:46.576299,IMPS,DEV059,75706.62,74942.48
TX000123,ACC105,ACC158,1116.63,2026-08-28T11:02:46.574923,UPI,DEV105,207939.48,206822.85
TX000886,ACC195,ACC110,3297.6,2026-08-27T20:45:46.586477,AEPS,DEV195,189423.86,186126.26
TX000340,ACC119,ACC167,15972.83,2026-08-28T17:11:46.576600,AEPS,DEV119,196797.76,180824.93
TX000988,ACC152,ACC009,100,2026-08-27T01:04:46.588853,RTGS,DEV152,131642.89,131542.89
TX000625,ACC078,ACC189,2419.64,2026-08-28T11:08:46.580201,NEFT,DEV078,280349.41,277929.77
TX000676,ACC169,ACC102,1009.01,2026-08-27T00:19:46.581307,IMPS,DEV169,38935.53,37926.52
TX000973,ACC174,ACC100,135.49,2026-08-29T07:49:46.588487,UPI,DEV174,265035.76,264900.27
TX000121,ACC166,ACC152,662.41,2026-08-27T03:26:46.574907,IMPS,DEV166,208950.53,208288.12
TX000218,ACC195,ACC157,6051.05,2026-08-28T23:42:46.575650,IMPS,DEV195,75469.99,69418.94
TX000924,ACC179,ACC084,272.38,2026-08-28T11:56:46.587337,AEPS,DEV179,293813.31,293540.93
TX000069,ACC014,ACC192,100,2026-08-28T16:09:46.574499,RTGS,DEV014,176064.93,175964.93
TX000242,ACC167,ACC128,1271.87,2026-08-29T06:02:46.575834,IMPS,DEV167,263115.47,261843.6
TX000358,ACC121,ACC061,4062.82,2026-08-27T05:17:46.576752,IMPS,DEV121,101941.3,97878.48
TX000348,ACC170,ACC046,1899.17,2026-08-26T19:56:46.576664,AEPS,DEV170,97147.71,95248.54
TX000264,ACC095,ACC135,816.03,2026-08-29T08:10:46.576005,UPI,DEV095,190205.16,189389.13
TX000209,ACC147,ACC049,268.87,2026-08-27T06:58:46.575583,UPI,DEV147,191883.49,191614.62
TX000429,ACC168,ACC077,2970.34,2026-08-27T12:07:46.577301,RTGS,DEV168,100759.6,97789.26
TX000825,ACC032,ACC174,861.11,2026-08-27T01:56:46.584516,IMPS,DEV032,136932.71,136071.6
TX000401,ACC050,ACC150,2648.09,2026-08-27T14:10:46.577073,NEFT,DEV050,172974.4,170326.31
TX000646,ACC176,ACC142,6335.64,2026-08-27T06:55:46.580698,IMPS,DEV176,125694.13,119358.49
TX000723,ACC178,ACC073,1564.63,2026-08-27T16:25:46.582305,RTGS,DEV178,162525.36,160960.73
TX000076,ACC163,ACC064,395.81,2026-08-28T04:03:46.574555,UPI,DEV163,182798.78,182402.97
TX000928,ACC146,ACC139,5293.85,2026-08-28T02:39:46.587427,RTGS,DEV146,251513.63,246219.78
TX000238,ACC078,ACC195,790.21,2026-08-26T23:35:46.575805,IMPS,DEV078,127297.73,126507.52
TX000199,ACC113,ACC050,912.94,2026-08-28T19:12:46.575505,RTGS,DEV113,108562.9,107649.96
TX000995,ACC018,ACC125,284.67,2026-08-26T22:12:46.589026,NEFT,DEV018,86529.83,86245.16
TX000834,ACC021,ACC129,352.31,2026-08-29T10:50:46.584702,UPI,DEV021,98657.59,98305.28
TX000180,ACC147,ACC135,355.35,2026-08-27T23:43:46.575350,UPI,DEV147,145244.63,144889.28
TX000303,ACC191,ACC005,1023.92,2026-08-27T13:47:46.576315,NEFT,DEV191,248768.13,247744.21
TX000560,ACC096,ACC017,1483.5,2026-08-28T20:15:46.579070,NEFT,DEV096,120472.82,118989.32
TX000315,ACC180,ACC118,2046.08,2026-08-28T01:55:46.576410,RTGS,DEV180,221830.13,219784.05
TX001000,ACC104,ACC177,2446.86,2026-08-29T15:02:46.589154,UPI,DEV104,34978.47,32531.61
TX000701,ACC106,ACC011,308.64,2026-08-28T19:32:46.581812,RTGS,DEV106,171039.43,170730.79
TX000544,ACC059,ACC124,1607.47,2026-08-29T05:26:46.578757,NEFT,DEV059,47375.09,45767.62
TX000755,ACC060,ACC077,1297.88,2026-08-27T18:57:46.582949,IMPS,DEV060,147565.71,146267.83
TX000189,ACC035,ACC124,226.93,2026-08-29T04:11:46.575430,UPI,DEV035,160993.63,160766.7
TX000958,ACC149,ACC032,4841.16,2026-08-26T20:50:46.588128,NEFT,DEV149,89811.09,84969.93
TX000280,ACC006,ACC017,918.37,2026-08-27T14:28:46.576126,IMPS,DEV006,281943.33,281024.96
TX000136,ACC001,ACC052,501.85,2026-08-28T01:20:46.575024,IMPS,DEV001,186979.4,186477.55
TX000766,ACC111,ACC194,414.82,2026-08-28T03:26:46.583193,IMPS,DEV111,123917.9,123503.08
TX000169,ACC044,ACC119,12065.69,2026-08-29T16:31:46.575268,IMPS,DEV044,121281.34,109215.65
TX000990,ACC180,ACC171,3459.92,2026-08-27T14:14:46.588898,NEFT,DEV180,99574.47,96114.55
TX000748,ACC115,ACC018,438.35,2026-08-29T09:41:46.582801,IMPS,DEV115,43093.59,42655.24
TX000395,ACC024,ACC042,225.84,2026-08-27T05:39:46.577029,UPI,DEV024,120898.65,120672.81
TX000655,ACC200,ACC097,1021.35,2026-08-26T16:41:46.580878,AEPS,DEV200,105836.55,104815.2
TX000436,ACC052,ACC178,1842.26,2026-08-27T20:43:46.577357,IMPS,DEV052,125000.72,123158.46
TX000954,ACC178,ACC120,4488.65,2026-08-28T09:54:46.588039,AEPS,DEV178,32037.68,27549.03
TX000920,ACC176,ACC104,3295.91,2026-08-28T00:18:46.587245,AEPS,DEV176,159371.38,156075.47
TX000309,ACC172,ACC144,3062.88,2026-08-27T20:06:46.576360,AEPS,DEV172,249234.84,246171.96
TX000254,ACC032,ACC003,1487.4,2026-08-27T22:06:46.575928,AEPS,DEV032,145803.03,144315.63
TX000477,ACC172,ACC163,348.79,2026-08-27T17:34:46.577695,NEFT,DEV172,143665.02,143316.23
TX000593,ACC164,ACC144,3187.79,2026-08-27T10:36:46.579604,RTGS,DEV164,129000.68,125812.89
TX000815,ACC022,ACC116,380.69,2026-08-26T17:08:46.584305,IMPS,DEV022,37523.04,37142.35
TX000286,ACC200,ACC150,2515.01,2026-08-28T11:53:46.576172,AEPS,DEV200,87038.35,84523.34
TX000733,ACC076,ACC132,204.33,2026-08-28T04:55:46.582508,RTGS,DEV076,193718.68,193514.35
TX000511,ACC178,ACC184,4105.27,2026-08-26T20:39:46.578024,AEPS,DEV178,53041.6,48936.33
TX000818,ACC156,ACC025,100,2026-08-27T17:29:46.584366,RTGS,DEV156,285843.88,285743.88
TX000688,ACC002,ACC128,3666.9,2026-08-28T04:23:46.581531,NEFT,DEV002,182527.37,178860.47
TX000252,ACC172,ACC018,6026.22,2026-08-28T07:35:46.575914,RTGS,DEV172,166509.79,160483.57
TX000915,ACC071,ACC150,579.69,2026-08-26T16:59:46.587116,NEFT,DEV071,276755.96,276176.27
TX000747,ACC037,ACC076,3879.43,2026-08-29T10:25:46.582784,NEFT,DEV037,151990.17,148110.74
TX000597,ACC001,ACC187,17200.27,2026-08-26T19:32:46.579643,RTGS,DEV001,224318.93,207118.66
TX000170,ACC002,ACC087,441.13,2026-08-28T13:28:46.575276,NEFT,DEV002,148595.2,148154.07
TX000364,ACC047,ACC154,2208.79,2026-08-28T16:01:46.576796,AEPS,DEV047,167622.71,165413.92
TX000795,ACC091,ACC042,1723.13,2026-08-29T06:29:46.583856,UPI,DEV091,268002.72,266279.59
SC001-TX002,ACC001,ACC128,20410.64,2026-08-29T16:34:27.585193,IMPS,DEV001,262878.25,242467.61
TX000615,ACC121,ACC145,450.66,2026-08-27T21:46:46.579969,UPI,DEV121,222089.7,221639.04
TX000231,ACC022,ACC189,1780.78,2026-08-28T23:37:46.575750,IMPS,DEV022,31521.41,29740.63
TX000187,ACC096,ACC174,2690.91,2026-08-27T11:09:46.575415,RTGS,DEV096,29877.63,27186.72
TX000883,ACC172,ACC039,2942.44,2026-08-26T23:57:46.586412,NEFT,DEV172,278011.67,275069.23
TX000668,ACC194,ACC071,381.29,2026-08-28T10:33:46.581144,UPI,DEV194,247079.76,246698.47
TX000007,ACC041,ACC178,100,2026-08-27T21:17:46.573875,IMPS,DEV041,121233.26,121133.26
TX000216,ACC177,ACC054,266.52,2026-08-29T00:06:46.575635,UPI,DEV177,113818.08,113551.56
TX000168,ACC181,ACC014,1977.98,2026-08-28T15:15:46.575261,RTGS,DEV181,174618.31,172640.33
TX000983,ACC181,ACC132,434.41,2026-08-27T21:02:46.588750,AEPS,DEV181,132214.21,131779.8
TX000060,ACC062,ACC042,12648.71,2026-08-29T07:07:46.574422,UPI,DEV062,130049.54,117400.83
TX000097,ACC156,ACC062,4556.37,2026-08-27T06:14:46.574727,NEFT,DEV156,210894.52,206338.15
TX000732,ACC049,ACC051,3614.29,2026-08-26T19:30:46.582489,RTGS,DEV049,68943.69,65329.4
TX000839,ACC015,ACC165,871.69,2026-08-27T15:39:46.584806,IMPS,DEV015,297996.62,297124.93
TX000321,ACC016,ACC075,3557.95,2026-08-28T20:22:46.576456,NEFT,DEV016,143337.82,139779.87
TX000210,ACC015,ACC138,613.19,2026-08-27T19:16:46.575591,NEFT,DEV015,216788.97,216175.78
TX000566,ACC063,ACC127,7059.91,2026-08-27T08:32:46.579192,RTGS,DEV063,292304.1,285244.19
TX000244,ACC063,ACC083,1276.6,2026-08-29T13:18:46.575848,UPI,DEV063,153399.69,152123.09
TX000573,ACC120,ACC048,438.83,2026-08-27T18:29:46.579353,UPI,DEV120,38136.68,37697.85
TX000730,ACC164,ACC091,732.14,2026-08-28T07:51:46.582447,IMPS,DEV164,251921.49,251189.35
SC002-TX002,ACC091,ACC155,24505.58,2026-08-29T16:34:35.585393,IMPS,DEV091,159875.48,135369.9
TX000962,ACC195,ACC011,8883.48,2026-08-27T18:57:46.588221,NEFT,DEV195,274572.42,265688.94
TX000091,ACC057,ACC010,1565.08,2026-08-26T20:34:46.574681,AEPS,DEV057,146581.21,145016.13
TX000739,ACC070,ACC200,7773.18,2026-08-29T01:05:46.582628,RTGS,DEV070,225052.46,217279.28
TX000596,ACC108,ACC005,490.4,2026-08-28T08:24:46.579634,IMPS,DEV108,213319.21,212828.81
TX000670,ACC082,ACC090,2367.04,2026-08-27T03:40:46.581186,AEPS,DEV082,20396.71,18029.67
TX000341,ACC116,ACC061,422.47,2026-08-29T09:24:46.576608,NEFT,DEV116,88433.45,88010.98
TX000376,ACC157,ACC078,765.6,2026-08-29T14:27:46.576886,UPI,DEV157,239743.25,238977.65
TX000830,ACC031,ACC084,3074.56,2026-08-27T03:04:46.584619,UPI,DEV031,64697.86,61623.3
TX000360,ACC095,ACC044,2013.32,2026-08-28T14:33:46.576767,NEFT,DEV095,136375.28,134361.96
TX000405,ACC166,ACC197,1182.5,2026-08-27T13:10:46.577104,IMPS,DEV166,179290.08,178107.58
TX000626,ACC188,ACC102,1872.44,2026-08-29T10:42:46.580237,UPI,DEV188,57250.33,55377.89
TX000086,ACC133,ACC197,866.77,2026-08-29T11:46:46.574642,AEPS,DEV133,272779.51,271912.74
SC004-TX003,ACC142,ACC187,28648.82,2026-08-29T16:34:34.585781,IMPS,DEV142,274106.68,245457.86
TX000503,ACC187,ACC197,2696.42,2026-08-28T16:04:46.577955,NEFT,DEV187,166878.4,164181.98
TX000530,ACC134,ACC056,1337.76,2026-08-28T03:18:46.578378,AEPS,DEV134,173465.02,172127.26
TX000246,ACC180,ACC057,746.8,2026-08-28T11:50:46.575865,NEFT,DEV180,29251.96,28505.16
TX000911,ACC050,ACC061,1131.15,2026-08-27T21:40:46.587030,UPI,DEV050,22623.78,21492.63
TX000487,ACC194,ACC082,7858.17,2026-08-29T13:54:46.577777,AEPS,DEV194,158978.8,151120.63
TX000047,ACC044,ACC161,3036.29,2026-08-27T16:07:46.574265,AEPS,DEV044,226713.49,223677.2
TX000813,ACC035,ACC192,2702.42,2026-08-27T12:26:46.584266,RTGS,DEV035,113892.89,111190.47
TX000367,ACC133,ACC130,1043.56,2026-08-28T06:12:46.576820,AEPS,DEV133,183056.3,182012.74
TX000992,ACC095,ACC200,380.51,2026-08-26T18:31:46.588943,UPI,DEV095,142484.87,142104.36
TX000710,ACC096,ACC036,1074.7,2026-08-28T00:15:46.582044,RTGS,DEV096,109828.49,108753.79
TX000355,ACC033,ACC091,16909.48,2026-08-29T14:10:46.576728,NEFT,DEV033,226975.87,210066.39
TX000028,ACC032,ACC056,4491.22,2026-08-29T00:54:46.574122,AEPS,DEV032,249529.14,245037.92
TX000820,ACC114,ACC045,5895.57,2026-08-26T21:05:46.584407,RTGS,DEV114,203322.59,197427.02
TX000548,ACC172,ACC052,2174.81,2026-08-27T23:23:46.578828,UPI,DEV172,195545.46,193370.65
TX000042,ACC029,ACC092,1037.39,2026-08-26T22:04:46.574227,AEPS,DEV029,49733.86,48696.47
TX000802,ACC095,ACC012,2064.92,2026-08-29T00:24:46.584011,AEPS,DEV095,66315.32,64250.4
TX000186,ACC172,ACC159,4637.27,2026-08-27T16:36:46.575407,AEPS,DEV172,173682.28,169045.01
TX000896,ACC183,ACC097,6770.0,2026-08-27T18:19:46.586696,NEFT,DEV183,104483.16,97713.16
TX000885,ACC059,ACC049,1743.05,2026-08-27T07:54:46.586456,RTGS,DEV059,275756.9,274013.85
TX000946,ACC099,ACC076,1246.09,2026-08-28T21:22:46.587850,IMPS,DEV099,277582.75,276336.66
TX000767,ACC103,ACC159,307.78,2026-08-29T02:31:46.583212,UPI,DEV103,34105.4,33797.62
TX000307,ACC111,ACC048,959.64,2026-08-27T10:12:46.576345,UPI,DEV111,128497.23,127537.59
TX000776,ACC037,ACC141,3072.63,2026-08-28T13:56:46.583410,UPI,DEV037,61706.96,58634.33
TX000542,ACC063,ACC047,3112.43,2026-08-26T17:39:46.578722,RTGS,DEV063,247943.41,244830.98
TX000052,ACC154,ACC007,438.44,2026-08-27T09:44:46.574304,NEFT,DEV154,152775.51,152337.07
TX000599,ACC087,ACC187,1218.43,2026-08-29T02:15:46.579659,UPI,DEV087,109814.65,108596.22
TX000588,ACC167,ACC179,1406.61,2026-08-27T01:32:46.579548,RTGS,DEV167,292715.1,291308.49
TX000014,ACC137,ACC042,430.6,2026-08-28T14:40:46.573987,RTGS,DEV137,157498.99,157068.39
TX000492,ACC169,ACC139,955.27,2026-08-27T06:33:46.577820,UPI,DEV169,48850.09,47894.82
TX000979,ACC174,ACC101,417.36,2026-08-28T22:41:46.588647,NEFT,DEV174,39270.21,38852.85
TX000629,ACC001,ACC105,311.7,2026-08-27T19:46:46.580293,IMPS,DEV001,77403.4,77091.7
SC002-TX005,ACC070,ACC155,35208.48,2026-08-29T16:36:46.585393,UPI,DEV070,287774.8,252566.32
TX000585,ACC072,ACC043,10249.6,2026-08-28T07:01:46.579523,IMPS,DEV072,172524.92,162275.32
TX000557,ACC073,ACC137,949.59,2026-08-27T15:38:46.579009,NEFT,DEV073,253205.29,252255.7
TX000008,ACC108,ACC113,1193.82,2026-08-27T20:49:46.573889,RTGS,DEV108,30928.31,29734.49
TX000111,ACC031,ACC029,2914.48,2026-08-28T19:45:46.574833,UPI,DEV031,105476.63,102562.15
TX000658,ACC004,ACC062,672.53,2026-08-28T18:02:46.580931,AEPS,DEV004,205800.65,205128.12
TX000458,ACC082,ACC079,4469.0,2026-08-27T13:05:46.577540,NEFT,DEV082,31654.37,27185.37
TX000359,ACC158,ACC109,5365.52,2026-08-28T17:54:46.576759,RTGS,DEV158,25320.3,19954.78
TX000114,ACC033,ACC191,2155.77,2026-08-29T14:31:46.574856,UPI,DEV033,179117.04,176961.27
TX000578,ACC171,ACC039,1563.76,2026-08-28T15:54:46.579433,RTGS,DEV171,128632.38,127068.62
TX000633,ACC039,ACC149,378.38,2026-08-27T20:38:46.580371,NEFT,DEV039,205594.01,205215.63
TX000702,ACC185,ACC052,960.24,2026-08-28T18:24:46.581838,RTGS,DEV185,203323.99,202363.75
TX000262,ACC200,ACC115,250.69,2026-08-27T16:30:46.575989,UPI,DEV200,61522.34,61271.65
SC005-TX001,ACC142,ACC192,96975.86,2026-08-29T16:33:46.585998,NEFT,DEV142,147950.39,50974.53
TX000145,ACC012,ACC098,8106.08,2026-08-29T10:18:46.575090,NEFT,DEV012,211815.51,203709.43
TX000206,ACC176,ACC048,574.26,2026-08-28T12:30:46.575561,RTGS,DEV176,231244.85,230670.59
SC001-TX004,ACC088,ACC128,8348.02,2026-08-29T16:34:55.585193,IMPS,DEV088,193973.63,185625.61
TX000050,ACC112,ACC187,1236.65,2026-08-28T07:28:46.574287,AEPS,DEV112,100509.02,99272.37
TX000741,ACC067,ACC123,469.7,2026-08-27T03:07:46.582665,IMPS,DEV067,150941.58,150471.88
TX000843,ACC188,ACC040,2504.67,2026-08-26T23:49:46.584889,UPI,DEV188,59831.34,57326.67
TX000205,ACC045,ACC077,1325.05,2026-08-27T14:32:46.575552,NEFT,DEV045,124555.56,123230.51
TX000064,ACC156,ACC094,4127.09,2026-08-29T00:55:46.574455,UPI,DEV156,111154.83,107027.74
TX000750,ACC171,ACC051,3191.02,2026-08-28T06:25:46.582841,AEPS,DEV171,277019.91,273828.89
TX000011,ACC169,ACC059,445.03,2026-08-28T15:12:46.573935,RTGS,DEV169,234677.07,234232.04
TX000842,ACC172,ACC159,121.51,2026-08-27T04:06:46.584867,UPI,DEV172,21994.38,21872.87
TX000268,ACC146,ACC092,739.91,2026-08-28T16:17:46.576035,UPI,DEV146,218270.8,217530.89
TX000212,ACC064,ACC183,546.15,2026-08-29T14:09:46.575606,AEPS,DEV064,32124.09,31577.94
TX000357,ACC098,ACC070,2984.67,2026-08-28T15:21:46.576744,IMPS,DEV098,116274.85,113290.18
TX000197,ACC200,ACC143,15303.45,2026-08-29T14:58:46.575490,NEFT,DEV200,164104.88,148801.43
TX000595,ACC077,ACC162,10183.22,2026-08-28T09:19:46.579624,UPI,DEV077,114110.44,103927.22
TX000539,ACC157,ACC031,1886.01,2026-08-28T17:39:46.578671,AEPS,DEV157,170307.38,168421.37
TX000088,ACC073,ACC164,190.75,2026-08-28T12:24:46.574659,RTGS,DEV073,108920.41,108729.66
TX000013,ACC179,ACC084,1285.17,2026-08-27T21:11:46.573967,AEPS,DEV179,156299.72,155014.55
TX000190,ACC159,ACC104,623.47,2026-08-27T17:10:46.575437,NEFT,DEV159,35160.8,34537.33
TX000567,ACC082,ACC133,1524.8,2026-08-29T08:18:46.579218,AEPS,DEV082,53842.08,52317.28
TX000627,ACC144,ACC194,9135.35,2026-08-27T11:11:46.580257,AEPS,DEV144,244429.37,235294.02
TX000256,ACC019,ACC042,169.56,2026-08-29T04:33:46.575943,IMPS,DEV019,206122.31,205952.75
TX000499,ACC126,ACC152,4817.73,2026-08-29T03:02:46.577921,RTGS,DEV126,214577.71,209759.98
TX000389,ACC177,ACC090,3614.01,2026-08-26T18:57:46.576985,AEPS,DEV177,184463.7,180849.69
TX000514,ACC117,ACC192,6022.67,2026-08-29T11:00:46.578049,UPI,DEV117,50681.1,44658.43
TX000470,ACC200,ACC191,238.69,2026-08-29T03:25:46.577638,AEPS,DEV200,184834.0,184595.31
TX000113,ACC055,ACC122,6779.82,2026-08-29T00:26:46.574849,NEFT,DEV055,188442.24,181662.42
TX000840,ACC041,ACC122,2225.3,2026-08-28T12:36:46.584826,AEPS,DEV041,154612.8,152387.5
TX000760,ACC078,ACC198,1016.85,2026-08-28T03:53:46.583056,RTGS,DEV078,85012.76,83995.91
TX000024,ACC046,ACC118,7135.43,2026-08-29T09:16:46.574091,IMPS,DEV046,238232.3,231096.87
TX000424,ACC161,ACC041,2552.4,2026-08-29T09:05:46.577262,NEFT,DEV161,82093.2,79540.8
TX000686,ACC185,ACC119,1316.72,2026-08-26T21:36:46.581493,UPI,DEV185,90318.94,89002.22
TX000272,ACC038,ACC100,2701.03,2026-08-28T04:55:46.576067,RTGS,DEV038,201820.2,199119.17
TX000151,ACC110,ACC009,430.14,2026-08-28T23:08:46.575136,NEFT,DEV110,136387.66,135957.52
TX000709,ACC141,ACC167,1113.84,2026-08-27T19:45:46.582024,UPI,DEV141,66343.21,65229.37
TX000518,ACC189,ACC135,4235.57,2026-08-26T20:24:46.578098,AEPS,DEV189,105846.85,101611.28
TX000728,ACC050,ACC167,1026.41,2026-08-28T12:24:46.582403,NEFT,DEV050,107411.29,106384.88
TX000848,ACC091,ACC131,1831.63,2026-08-26T23:20:46.584995,NEFT,DEV091,63931.01,62099.38
TX000939,ACC184,ACC145,837.05,2026-08-27T04:05:46.587687,NEFT,DEV184,174343.29,173506.24
TX000652,ACC155,ACC164,6174.74,2026-08-28T11:13:46.580808,AEPS,DEV155,149500.98,143326.24
TX000953,ACC007,ACC173,585.27,2026-08-27T04:19:46.588017,NEFT,DEV007,271024.2,270438.93
TX000894,ACC130,ACC053,2057.87,2026-08-27T21:44:46.586649,RTGS,DEV130,130790.58,128732.71
TX000601,ACC081,ACC109,760.1,2026-08-28T06:26:46.579677,IMPS,DEV081,129220.9,128460.8
TX000513,ACC157,ACC025,265.59,2026-08-26T17:30:46.578041,UPI,DEV157,293830.69,293565.1
TX000386,ACC119,ACC175,1236.49,2026-08-27T06:27:46.576963,RTGS,DEV119,255514.56,254278.07
TX000417,ACC111,ACC027,6076.35,2026-08-26T23:25:46.577193,UPI,DEV111,70269.04,64192.69
TX000234,ACC161,ACC112,1320.7,2026-08-29T02:15:46.575774,UPI,DEV161,122172.19,120851.49
TX000100,ACC162,ACC193,927.94,2026-08-27T18:01:46.574749,IMPS,DEV162,213916.23,212988.29
TX000452,ACC011,ACC144,306.68,2026-08-27T11:43:46.577492,IMPS,DEV011,132819.8,132513.12
TX000689,ACC139,ACC152,504.79,2026-08-29T06:31:46.581550,RTGS,DEV139,157521.72,157016.93
TX000893,ACC091,ACC064,4126.12,2026-08-29T10:18:46.586627,RTGS,DEV091,232852.19,228726.07
TX000261,ACC157,ACC040,870.48,2026-08-29T01:04:46.575981,RTGS,DEV157,103727.6,102857.12
TX000118,ACC121,ACC122,522.08,2026-08-29T00:41:46.574885,AEPS,DEV121,27867.43,27345.35
TX000370,ACC034,ACC187,756.21,2026-08-28T17:43:46.576843,IMPS,DEV034,252610.21,251854.0
TX000317,ACC164,ACC133,484.81,2026-08-29T14:00:46.576426,AEPS,DEV164,284538.33,284053.52
TX000162,ACC057,ACC098,2384.59,2026-08-29T09:40:46.575217,AEPS,DEV057,149957.52,147572.93
TX000692,ACC109,ACC117,1263.6,2026-08-29T16:16:46.581613,RTGS,DEV109,228851.48,227587.88
TX000306,ACC178,ACC180,826.29,2026-08-28T13:25:46.576338,IMPS,DEV178,287549.85,286723.56
TX000250,ACC052,ACC129,1179.8,2026-08-28T04:50:46.575895,IMPS,DEV052,250202.15,249022.35
TX000580,ACC114,ACC149,275.56,2026-08-27T21:30:46.579479,IMPS,DEV114,146546.28,146270.72
TX000523,ACC174,ACC086,4398.34,2026-08-27T15:04:46.578228,RTGS,DEV174,230916.83,226518.49
TX000298,ACC143,ACC049,6128.7,2026-08-28T07:09:46.576275,AEPS,DEV143,22625.46,16496.76
TX000784,ACC176,ACC032,266.39,2026-08-28T06:37:46.583592,IMPS,DEV176,44966.3,44699.91
TX000137,ACC089,ACC158,741.34,2026-08-27T18:14:46.575031,NEFT,DEV089,22223.83,21482.49
TX000819,ACC119,ACC101,7272.03,2026-08-29T04:21:46.584386,UPI,DEV119,110073.65,102801.62
TX000679,ACC009,ACC007,1492.6,2026-08-29T14:52:46.581363,IMPS,DEV009,69982.91,68490.31
TX000791,ACC128,ACC195,334.21,2026-08-27T13:20:46.583752,NEFT,DEV128,50305.5,49971.29
TX000157,ACC106,ACC156,3567.88,2026-08-26T21:12:46.575179,IMPS,DEV106,161188.24,157620.36
TX000881,ACC077,ACC036,1119.85,2026-08-28T09:23:46.586370,UPI,DEV077,224289.69,223169.84
TX000880,ACC179,ACC012,184.86,2026-08-28T19:07:46.586348,IMPS,DEV179,68985.74,68800.88
TX000166,ACC125,ACC193,1842.6,2026-08-28T18:16:46.575246,RTGS,DEV125,68418.56,66575.96
TX000804,ACC185,ACC048,250.84,2026-08-27T19:14:46.584057,AEPS,DEV185,222168.81,221917.97
TX000413,ACC192,ACC142,3897.71,2026-08-28T21:09:46.577164,IMPS,DEV192,179776.06,175878.35
TX000275,ACC079,ACC195,1027.41,2026-08-28T05:59:46.576090,NEFT,DEV079,188793.05,187765.64
TX000697,ACC030,ACC192,1915.75,2026-08-28T08:50:46.581731,RTGS,DEV030,43967.41,42051.66
TX000506,ACC183,ACC149,18426.59,2026-08-26T21:34:46.577983,IMPS,DEV183,73742.51,55315.92
TX000420,ACC049,ACC051,342.99,2026-08-27T17:15:46.577231,RTGS,DEV049,284279.57,283936.58
TX000183,ACC018,ACC065,3794.72,2026-08-28T21:09:46.575375,RTGS,DEV018,79927.43,76132.71
TX000570,ACC051,ACC179,6206.35,2026-08-28T10:59:46.579303,NEFT,DEV051,97200.03,90993.68
TX000465,ACC160,ACC128,2684.96,2026-08-27T17:59:46.577598,UPI,DEV160,28604.19,25919.23
TX000092,ACC154,ACC161,987.99,2026-08-29T09:18:46.574689,RTGS,DEV154,255889.22,254901.23
SC003-TX003,ACC154,ACC167,14162.33,2026-08-29T16:34:38.585586,UPI,DEV154,175741.78,161579.45
TX000519,ACC058,ACC030,1837.73,2026-08-26T20:42:46.578123,AEPS,DEV058,167987.39,166149.66
TX000332,ACC137,ACC143,505.36,2026-08-28T21:25:46.576540,UPI,DEV137,282374.53,281869.17
TX000781,ACC085,ACC041,4324.91,2026-08-28T02:34:46.583524,NEFT,DEV085,121412.36,117087.45
TX000027,ACC157,ACC114,2215.8,2026-08-28T17:46:46.574114,RTGS,DEV157,272169.35,269953.55
TX000987,ACC008,ACC014,298.3,2026-08-27T02:06:46.588831,IMPS,DEV008,35888.89,35590.59
TX000674,ACC076,ACC178,2954.48,2026-08-28T09:27:46.581271,RTGS,DEV076,45226.38,42271.9
TX000434,ACC180,ACC012,702.62,2026-08-27T20:20:46.577341,UPI,DEV180,197794.54,197091.92
SC003-TX001,ACC154,ACC166,29688.82,2026-08-29T16:33:46.585586,UPI,DEV154,146346.93,116658.11
TX000204,ACC188,ACC135,11658.03,2026-08-28T10:08:46.575544,NEFT,DEV188,44032.55,32374.52
TX000531,ACC108,ACC104,902.24,2026-08-29T10:42:46.578398,AEPS,DEV108,116429.86,115527.62
TX000122,ACC196,ACC086,229.79,2026-08-26T23:14:46.574915,AEPS,DEV196,238375.79,238146.0
TX000374,ACC115,ACC020,410.49,2026-08-26T16:55:46.576872,UPI,DEV115,36419.88,36009.39
TX000698,ACC192,ACC108,1014.91,2026-08-29T15:19:46.581751,IMPS,DEV192,256657.17,255642.26
TX000416,ACC099,ACC074,1318.36,2026-08-28T03:49:46.577186,IMPS,DEV099,174302.22,172983.86
TX000906,ACC112,ACC087,2206.82,2026-08-28T06:07:46.586920,RTGS,DEV112,196584.61,194377.79
TX000132,ACC102,ACC001,2352.3,2026-08-29T11:16:46.574993,IMPS,DEV102,200160.85,197808.55
TX000164,ACC061,ACC167,2423.75,2026-08-28T08:59:46.575232,NEFT,DEV061,184006.33,181582.58
TX000963,ACC165,ACC119,2012.37,2026-08-28T13:24:46.588247,AEPS,DEV165,282025.16,280012.79
SC004-TX001,ACC142,ACC176,15999.97,2026-08-29T16:33:46.585781,IMPS,DEV142,206699.96,190699.99
TX000391,ACC068,ACC071,44794.64,2026-08-27T15:58:46.577000,RTGS,DEV068,60525.63,15730.99
TX000959,ACC115,ACC104,9685.35,2026-08-29T05:18:46.588156,AEPS,DEV115,228070.54,218385.19
TX000039,ACC073,ACC081,3763.94,2026-08-28T09:02:46.574205,NEFT,DEV073,167394.37,163630.43
TX000526,ACC132,ACC149,519.25,2026-08-27T12:58:46.578297,NEFT,DEV132,235420.65,234901.4
TX000565,ACC052,ACC095,1745.1,2026-08-27T08:43:46.579172,RTGS,DEV052,256563.25,254818.15
TX000910,ACC199,ACC073,2968.15,2026-08-28T19:52:46.587008,IMPS,DEV199,246178.37,243210.22
TX000292,ACC047,ACC055,418.59,2026-08-28T14:27:46.576230,RTGS,DEV047,213302.87,212884.28
TX000744,ACC102,ACC048,7941.02,2026-08-28T04:00:46.582727,UPI,DEV102,242465.46,234524.44
TX000517,ACC190,ACC142,3579.81,2026-08-29T01:26:46.578076,IMPS,DEV190,140657.65,137077.84
TX000032,ACC085,ACC197,5650.16,2026-08-29T02:30:46.574152,AEPS,DEV085,283250.72,277600.56
TX000295,ACC018,ACC169,383.32,2026-08-28T05:15:46.576251,RTGS,DEV018,133999.83,133616.51
TX000461,ACC161,ACC021,2570.11,2026-08-28T17:13:46.577567,UPI,DEV161,120681.24,118111.13
TX000158,ACC190,ACC187,2524.79,2026-08-27T08:19:46.575187,IMPS,DEV190,49456.65,46931.86
TX000537,ACC079,ACC098,1294.57,2026-08-28T10:41:46.578626,NEFT,DEV079,137905.55,136610.98
TX000390,ACC159,ACC047,1030.41,2026-08-27T16:22:46.576993,NEFT,DEV159,149316.21,148285.8
TX000352,ACC074,ACC195,6732.6,2026-08-29T02:40:46.576693,RTGS,DEV074,81855.63,75123.03
TX000409,ACC014,ACC141,131.83,2026-08-26T22:07:46.577134,IMPS,DEV014,28305.5,28173.67
TX000071,ACC122,ACC193,855.59,2026-08-28T06:34:46.574515,RTGS,DEV122,262923.21,262067.62
TX000070,ACC070,ACC085,624.38,2026-08-27T05:13:46.574507,AEPS,DEV070,41145.45,40521.07
TX000383,ACC044,ACC053,1612.72,2026-08-29T13:39:46.576939,RTGS,DEV044,141925.8,140313.08
TX000725,ACC136,ACC126,3140.94,2026-08-27T03:49:46.582345,NEFT,DEV136,36764.28,33623.34
TX000943,ACC118,ACC097,2710.04,2026-08-27T19:32:46.587776,RTGS,DEV118,247424.9,244714.86
TX000467,ACC138,ACC094,2442.95,2026-08-29T06:07:46.577614,UPI,DEV138,95811.36,93368.41
TX000243,ACC181,ACC050,1341.19,2026-08-28T09:45:46.575841,RTGS,DEV181,44819.29,43478.1
TX000029,ACC174,ACC183,389.42,2026-08-27T23:16:46.574129,UPI,DEV174,94771.12,94381.7
TX000120,ACC183,ACC080,2044.56,2026-08-27T00:50:46.574899,UPI,DEV183,141192.39,139147.83
TX000397,ACC173,ACC108,689.27,2026-08-29T05:23:46.577043,AEPS,DEV173,54756.49,54067.22
TX000491,ACC131,ACC149,12678.76,2026-08-27T15:13:46.577810,IMPS,DEV131,198415.45,185736.69
TX000908,ACC138,ACC013,1381.26,2026-08-28T16:24:46.586966,AEPS,DEV138,69685.23,68303.97
TX000602,ACC132,ACC117,2970.92,2026-08-29T15:34:46.579700,NEFT,DEV132,238784.75,235813.83
TX000914,ACC190,ACC009,2528.04,2026-08-27T05:15:46.587093,IMPS,DEV190,172111.05,169583.01
TX000660,ACC197,ACC158,2755.74,2026-08-27T00:53:46.580971,RTGS,DEV197,190576.55,187820.81
TX000369,ACC148,ACC048,845.2,2026-08-28T09:33:46.576835,RTGS,DEV148,239490.45,238645.25
TX000003,ACC137,ACC095,1035.13,2026-08-29T01:25:46.573805,UPI,DEV137,142595.24,141560.11
TX000237,ACC057,ACC197,724.84,2026-08-28T17:53:46.575797,IMPS,DEV057,165773.98,165049.14
TX000366,ACC183,ACC085,584.58,2026-08-27T19:15:46.576812,RTGS,DEV183,63327.39,62742.81
TX000457,ACC195,ACC079,196.68,2026-08-28T12:14:46.577531,IMPS,DEV195,117777.0,117580.32
TX000459,ACC077,ACC007,1193.23,2026-08-27T20:37:46.577550,NEFT,DEV077,109740.04,108546.81
TX000792,ACC188,ACC161,3677.88,2026-08-27T16:12:46.583773,IMPS,DEV188,172192.25,168514.37
TX000496,ACC175,ACC086,2451.82,2026-08-28T09:34:46.577892,RTGS,DEV175,85179.13,82727.31
TX000185,ACC188,ACC005,1405.75,2026-08-29T04:30:46.575394,IMPS,DEV188,118773.2,117367.45
TX000801,ACC003,ACC145,4216.44,2026-08-27T12:45:46.583990,UPI,DEV003,140603.4,136386.96
TX000793,ACC150,ACC079,3277.46,2026-08-27T12:02:46.583801,AEPS,DEV150,291169.14,287891.68
TX000836,ACC175,ACC062,1931.49,2026-08-27T15:28:46.584744,IMPS,DEV175,28579.69,26648.2
TX000193,ACC027,ACC019,4346.36,2026-08-27T05:01:46.575460,AEPS,DEV027,230204.7,225858.34
SC006-TX002,ACC194,ACC197,33624.45,2026-08-29T16:35:04.586175,NEFT,DEV194,280688.39,247063.94
TX000018,ACC052,ACC146,220.34,2026-08-29T16:00:46.574043,IMPS,DEV052,110007.53,109787.19
TX000569,ACC074,ACC066,2332.16,2026-08-28T01:54:46.579267,NEFT,DEV074,172508.1,170175.94
TX000571,ACC002,ACC128,3212.57,2026-08-27T07:46:46.579329,RTGS,DEV002,49402.73,46190.16
TX000829,ACC200,ACC193,1835.02,2026-08-26T20:58:46.584596,IMPS,DEV200,56252.97,54417.95
TX000440,ACC010,ACC016,950.54,2026-08-27T07:30:46.577391,UPI,DEV010,220059.27,219108.73
TX000624,ACC058,ACC174,245.0,2026-08-28T07:43:46.580178,IMPS,DEV058,87944.72,87699.72
TX000342,ACC028,ACC045,1587.81,2026-08-27T15:27:46.576617,RTGS,DEV028,165212.15,163624.34
TX000835,ACC037,ACC063,1298.95,2026-08-28T10:13:46.584723,RTGS,DEV037,46067.28,44768.33
TX000878,ACC198,ACC142,1396.83,2026-08-28T05:06:46.586299,NEFT,DEV198,224468.69,223071.86
TX000427,ACC126,ACC073,5571.12,2026-08-28T16:19:46.577286,IMPS,DEV126,167169.56,161598.44
TX000425,ACC015,ACC089,1749.88,2026-08-28T00:19:46.577270,UPI,DEV015,232182.15,230432.27
TX000480,ACC029,ACC047,2988.92,2026-08-28T05:37:46.577722,RTGS,DEV029,174267.38,171278.46
TX000138,ACC007,ACC125,279.39,2026-08-28T22:29:46.575038,AEPS,DEV007,90724.23,90444.84
TX000941,ACC145,ACC094,810.03,2026-08-28T16:15:46.587731,IMPS,DEV145,243358.61,242548.58
TX000165,ACC044,ACC034,1233.04,2026-08-28T23:13:46.575239,RTGS,DEV044,189621.76,188388.72
TX000887,ACC047,ACC072,266.42,2026-08-28T21:53:46.586498,IMPS,DEV047,25473.2,25206.78
TX000463,ACC125,ACC042,15777.71,2026-08-28T23:35:46.577582,UPI,DEV125,79912.46,64134.75
TX000623,ACC146,ACC161,4392.64,2026-08-28T02:09:46.580153,UPI,DEV146,218502.43,214109.79
TX000563,ACC094,ACC100,745.78,2026-08-27T18:38:46.579133,NEFT,DEV094,21749.63,21003.85
TX000888,ACC197,ACC178,8065.76,2026-08-27T23:50:46.586519,AEPS,DEV197,42786.51,34720.75
TX000786,ACC164,ACC149,1302.83,2026-08-27T10:14:46.583635,UPI,DEV164,225776.95,224474.12
TX000300,ACC009,ACC115,4323.08,2026-08-27T11:06:46.576290,RTGS,DEV009,87847.02,83523.94
TX000967,ACC060,ACC110,3943.47,2026-08-27T21:21:46.588340,AEPS,DEV060,276262.48,272319.01
TX000905,ACC019,ACC156,1476.94,2026-08-29T02:57:46.586898,UPI,DEV019,179350.52,177873.58
TX000135,ACC142,ACC025,466.2,2026-08-29T02:14:46.575016,NEFT,DEV142,78900.9,78434.7
TX000269,ACC038,ACC013,683.98,2026-08-29T08:06:46.576044,IMPS,DEV038,80107.82,79423.84
SC006-TX001,ACC142,ACC194,32449.23,2026-08-29T16:33:46.586175,UPI,DEV142,238997.08,206547.85
TX000489,ACC111,ACC008,680.73,2026-08-27T04:10:46.577794,IMPS,DEV111,134024.6,133343.87
TX000691,ACC156,ACC059,3369.33,2026-08-27T18:32:46.581596,AEPS,DEV156,143301.09,139931.76
TX000590,ACC121,ACC123,508.18,2026-08-29T01:09:46.579578,AEPS,DEV121,35537.35,35029.17
TX000789,ACC065,ACC185,1320.29,2026-08-28T23:16:46.583701,IMPS,DEV065,27305.29,25985.0
TX000074,ACC083,ACC028,466.47,2026-08-28T15:58:46.574539,IMPS,DEV083,276527.2,276060.73
TX000892,ACC078,ACC188,2102.88,2026-08-26T19:18:46.586606,AEPS,DEV078,245775.24,243672.36
TX000562,ACC117,ACC175,3542.25,2026-08-28T18:46:46.579112,UPI,DEV117,285523.69,281981.44
TX000144,ACC085,ACC169,1585.45,2026-08-26T19:35:46.575082,RTGS,DEV085,97466.7,95881.25
TX000224,ACC070,ACC125,747.44,2026-08-27T03:55:46.575693,UPI,DEV070,50023.89,49276.45
TX000431,ACC167,ACC169,3175.79,2026-08-27T09:35:46.577317,NEFT,DEV167,91522.56,88346.77
TX000774,ACC165,ACC144,1796.41,2026-08-27T21:41:46.583365,UPI,DEV165,224881.04,223084.63
TX000045,ACC134,ACC071,718.51,2026-08-28T03:30:46.574250,AEPS,DEV134,290531.67,289813.16
TX000233,ACC011,ACC100,3849.45,2026-08-28T07:02:46.575765,IMPS,DEV011,100149.61,96300.16
TX000057,ACC095,ACC106,1843.85,2026-08-28T15:11:46.574397,RTGS,DEV095,22269.49,20425.64
TX000297,ACC086,ACC030,1306.55,2026-08-28T18:14:46.576268,AEPS,DEV086,255579.08,254272.53
TX000464,ACC173,ACC026,1741.36,2026-08-28T04:10:46.577590,AEPS,DEV173,268605.67,266864.31
TX000152,ACC039,ACC040,854.49,2026-08-27T16:19:46.575143,NEFT,DEV039,156655.57,155801.08
TX000758,ACC170,ACC128,3514.66,2026-08-27T02:37:46.583013,AEPS,DEV170,147412.27,143897.61
TX000460,ACC017,ACC066,921.14,2026-08-28T19:52:46.577559,IMPS,DEV017,247540.47,246619.33
TX000281,ACC014,ACC075,3216.86,2026-08-27T18:51:46.576132,NEFT,DEV014,128740.75,125523.89
TX000368,ACC152,ACC112,488.79,2026-08-29T01:39:46.576828,NEFT,DEV152,87975.49,87486.7
TX000339,ACC189,ACC005,957.07,2026-08-28T07:19:46.576593,UPI,DEV189,229669.38,228712.31
TX000821,ACC140,ACC116,932.29,2026-08-28T09:49:46.584427,IMPS,DEV140,224182.22,223249.93
TX000554,ACC041,ACC014,241.23,2026-08-28T13:37:46.578939,UPI,DEV041,272686.58,272445.35
TX000172,ACC166,ACC001,1317.4,2026-08-27T12:03:46.575290,RTGS,DEV166,30611.11,29293.71
TX000972,ACC189,ACC184,1194.73,2026-08-26T20:25:46.588459,RTGS,DEV189,114172.01,112977.28
TX000423,ACC145,ACC120,6838.07,2026-08-27T15:26:46.577254,NEFT,DEV145,104911.4,98073.33
TX000287,ACC093,ACC121,2035.66,2026-08-26T20:40:46.576179,IMPS,DEV093,76336.54,74300.88
TX000984,ACC069,ACC090,245.33,2026-08-27T15:55:46.588771,RTGS,DEV069,44044.4,43799.07
TX000510,ACC183,ACC190,5015.21,2026-08-29T01:34:46.578016,IMPS,DEV183,39272.66,34257.45
TX000446,ACC119,ACC175,419.41,2026-08-27T20:34:46.577445,RTGS,DEV119,102897.64,102478.23
TX000742,ACC134,ACC095,8482.74,2026-08-27T21:57:46.582688,AEPS,DEV134,287809.03,279326.29
TX000622,ACC129,ACC182,237.58,2026-08-29T14:24:46.580136,AEPS,DEV129,243188.31,242950.73
TX000048,ACC031,ACC064,1090.32,2026-08-27T22:18:46.574272,NEFT,DEV031,140091.87,139001.55
TX000635,ACC144,ACC083,2769.0,2026-08-27T10:13:46.580429,NEFT,DEV144,209643.97,206874.97
TX000006,ACC108,ACC109,1708.53,2026-08-29T16:02:46.573856,NEFT,DEV108,106115.71,104407.18
TX000327,ACC107,ACC013,1792.8,2026-08-27T07:49:46.576503,NEFT,DEV107,128446.8,126654.0
TX000534,ACC041,ACC198,1564.36,2026-08-29T03:13:46.578461,UPI,DEV041,259562.23,257997.87
TX000604,ACC125,ACC035,1582.72,2026-08-28T20:34:46.579744,UPI,DEV125,107624.51,106041.79
TX000799,ACC139,ACC037,1385.74,2026-08-28T08:36:46.583946,UPI,DEV139,186649.29,185263.55
TX000247,ACC132,ACC135,1263.86,2026-08-27T19:29:46.575872,RTGS,DEV132,69625.5,68361.64
TX000918,ACC052,ACC070,579.9,2026-08-26T21:42:46.587181,RTGS,DEV052,81557.45,80977.55
TX000824,ACC120,ACC015,5224.43,2026-08-27T07:08:46.584492,AEPS,DEV120,150659.88,145435.45
TX000662,ACC035,ACC145,1035.14,2026-08-28T07:29:46.581012,AEPS,DEV035,119520.07,118484.93
TX000096,ACC122,ACC169,2357.98,2026-08-28T12:17:46.574720,IMPS,DEV122,24043.0,21685.02
TX000927,ACC035,ACC047,311.5,2026-08-27T17:59:46.587406,IMPS,DEV035,138044.46,137732.96
TX000245,ACC046,ACC114,3344.57,2026-08-28T11:21:46.575858,NEFT,DEV046,231099.79,227755.22
SC004-TX002,ACC142,ACC188,33969.6,2026-08-29T16:34:07.585781,UPI,DEV142,208789.58,174819.98
TX000217,ACC087,ACC164,1133.63,2026-08-28T11:40:46.575642,UPI,DEV087,140212.51,139078.88
TX000638,ACC013,ACC019,1250.74,2026-08-29T00:46:46.580517,NEFT,DEV013,95631.59,94380.85
TX000545,ACC167,ACC002,2428.56,2026-08-28T08:03:46.578775,NEFT,DEV167,21396.0,18967.44
TX000259,ACC133,ACC181,1631.83,2026-08-27T10:10:46.575967,RTGS,DEV133,251355.08,249723.25
TX000650,ACC061,ACC097,7542.2,2026-08-28T23:18:46.580772,IMPS,DEV061,95814.79,88272.59
TX000236,ACC147,ACC120,327.39,2026-08-27T02:16:46.575790,NEFT,DEV147,176367.9,176040.51
TX000012,ACC116,ACC168,3447.69,2026-08-29T16:26:46.573950,NEFT,DEV116,162621.66,159173.97
TX000462,ACC188,ACC101,2820.08,2026-08-27T00:51:46.577574,UPI,DEV188,209784.57,206964.49
TX000749,ACC134,ACC161,5632.27,2026-08-28T15:30:46.582820,UPI,DEV134,35636.04,30003.77
TX000377,ACC102,ACC086,1310.37,2026-08-27T16:29:46.576894,UPI,DEV102,64695.6,63385.23
TX000712,ACC037,ACC012,2306.38,2026-08-26T20:39:46.582082,NEFT,DEV037,128936.18,126629.8
TX000505,ACC069,ACC165,10600.55,2026-08-28T02:17:46.577972,RTGS,DEV069,258171.8,247571.25
TX000558,ACC049,ACC015,2706.25,2026-08-28T22:27:46.579030,UPI,DEV049,249471.52,246765.27
TX000449,ACC176,ACC092,2261.57,2026-08-28T11:39:46.577469,AEPS,DEV176,73069.31,70807.74
TX000607,ACC002,ACC179,902.7,2026-08-28T03:37:46.579799,RTGS,DEV002,122311.39,121408.69
TX000471,ACC052,ACC066,589.87,2026-08-29T14:01:46.577645,UPI,DEV052,277808.17,277218.3
TX000019,ACC035,ACC142,2511.07,2026-08-29T06:16:46.574051,IMPS,DEV035,65163.29,62652.22
TX000483,ACC179,ACC157,1657.85,2026-08-28T03:29:46.577746,IMPS,DEV179,219593.98,217936.13
TX000267,ACC106,ACC170,2791.49,2026-08-28T10:47:46.576027,AEPS,DEV106,81047.21,78255.72
TX000738,ACC106,ACC163,285.75,2026-08-28T23:05:46.582608,UPI,DEV106,60438.45,60152.7
TX000350,ACC125,ACC141,309.01,2026-08-29T13:48:46.576678,IMPS,DEV125,277827.08,277518.07
TX000608,ACC195,ACC132,1171.65,2026-08-28T15:16:46.579820,NEFT,DEV195,118741.36,117569.71
TX000001,ACC174,ACC035,3010.12,2026-08-29T07:34:46.573715,IMPS,DEV174,275650.47,272640.35
SC007-TX003,ACC045,ACC078,21194.5,2026-08-29T16:35:22.586228,UPI,DEV045,202020.43,180825.93
TX000036,ACC148,ACC097,876.88,2026-08-28T03:11:46.574183,AEPS,DEV148,209343.69,208466.81
TX000418,ACC089,ACC059,1987.92,2026-08-29T09:43:46.577202,NEFT,DEV089,100687.45,98699.53
TX000104,ACC126,ACC171,1287.64,2026-08-26T23:10:46.574779,RTGS,DEV126,244434.55,243146.91
TX000647,ACC086,ACC117,3670.02,2026-08-29T08:26:46.580717,NEFT,DEV086,130125.57,126455.55
TX000754,ACC081,ACC074,1162.65,2026-08-27T03:48:46.582928,IMPS,DEV081,34972.31,33809.66
TX000890,ACC086,ACC007,2848.19,2026-08-27T01:52:46.586564,UPI,DEV086,60869.32,58021.13
TX000994,ACC168,ACC182,7151.0,2026-08-26T20:58:46.589006,UPI,DEV168,176941.1,169790.1
TX000618,ACC170,ACC119,3417.25,2026-08-28T10:46:46.580042,IMPS,DEV170,57743.75,54326.5
TX000486,ACC158,ACC172,147.35,2026-08-26T20:26:46.577769,RTGS,DEV158,125613.77,125466.42
TX000968,ACC121,ACC069,2153.55,2026-08-27T10:53:46.588360,NEFT,DEV121,50648.97,48495.42
TX000951,ACC007,ACC131,651.9,2026-08-27T12:07:46.587971,NEFT,DEV007,208369.14,207717.24
TX000031,ACC169,ACC174,14805.02,2026-08-28T04:06:46.574144,AEPS,DEV169,130822.69,116017.67
TX000903,ACC010,ACC086,2037.31,2026-08-28T21:27:46.586854,AEPS,DEV010,168199.64,166162.33
TX000485,ACC173,ACC010,851.68,2026-08-27T20:32:46.577762,NEFT,DEV173,92775.23,91923.55
TX000344,ACC033,ACC128,2437.76,2026-08-28T16:47:46.576632,IMPS,DEV033,39823.98,37386.22
TX000345,ACC021,ACC058,6046.44,2026-08-27T15:40:46.576640,AEPS,DEV021,140601.24,134554.8
TX000493,ACC163,ACC089,2970.7,2026-08-28T11:07:46.577847,RTGS,DEV163,235247.09,232276.39
TX000184,ACC093,ACC193,2829.04,2026-08-28T19:04:46.575385,RTGS,DEV093,290696.54,287867.5
TX000613,ACC006,ACC181,2201.93,2026-08-27T08:04:46.579926,RTGS,DEV006,274309.52,272107.59
TX000154,ACC067,ACC012,100,2026-08-28T22:38:46.575157,AEPS,DEV067,199601.56,199501.56
TX000090,ACC062,ACC131,1137.13,2026-08-27T07:22:46.574674,NEFT,DEV062,144936.89,143799.76
TX000038,ACC170,ACC061,10680.72,2026-08-28T01:29:46.574198,UPI,DEV170,185392.67,174711.95
TX000023,ACC164,ACC036,5239.54,2026-08-27T03:25:46.574082,NEFT,DEV164,164509.08,159269.54
TX000037,ACC161,ACC163,2496.34,2026-08-28T19:28:46.574190,NEFT,DEV161,27061.28,24564.94
TX000128,ACC129,ACC128,967.6,2026-08-29T06:19:46.574960,UPI,DEV129,171754.78,170787.18
TX000982,ACC184,ACC068,2092.38,2026-08-29T16:21:46.588731,IMPS,DEV184,76295.22,74202.84
TX000396,ACC078,ACC167,3906.06,2026-08-28T06:45:46.577036,RTGS,DEV078,28229.94,24323.88
TX000831,ACC083,ACC088,717.32,2026-08-28T07:16:46.584639,AEPS,DEV083,70003.33,69286.01
TX000731,ACC195,ACC196,540.08,2026-08-29T16:19:46.582465,AEPS,DEV195,96380.93,95840.85
TX000581,ACC098,ACC111,2077.87,2026-08-28T00:56:46.579489,IMPS,DEV098,249539.82,247461.95
TX000478,ACC025,ACC041,1892.58,2026-08-28T05:14:46.577703,NEFT,DEV025,204063.3,202170.72
TX000318,ACC006,ACC073,6086.6,2026-08-27T19:15:46.576434,IMPS,DEV006,285947.84,279861.24
TX000610,ACC076,ACC168,8900.27,2026-08-28T08:32:46.579871,IMPS,DEV076,249974.45,241074.18
TX000211,ACC156,ACC177,419.89,2026-08-28T18:39:46.575598,RTGS,DEV156,239236.54,238816.65
TX000812,ACC050,ACC120,100,2026-08-27T06:26:46.584244,NEFT,DEV050,198939.04,198839.04
TX000288,ACC072,ACC176,1262.35,2026-08-28T13:01:46.576187,AEPS,DEV072,292672.97,291410.62
TX000961,ACC090,ACC059,3771.66,2026-08-27T03:48:46.588199,RTGS,DEV090,42532.53,38760.87
TX000716,ACC146,ACC197,152.61,2026-08-28T19:33:46.582164,RTGS,DEV146,22003.08,21850.47
TX000547,ACC150,ACC055,430.43,2026-08-26T21:17:46.578809,NEFT,DEV150,166715.77,166285.34
TX000945,ACC035,ACC080,2068.72,2026-08-28T07:58:46.587818,RTGS,DEV035,89285.02,87216.3
TX000699,ACC139,ACC098,351.52,2026-08-27T12:14:46.581772,RTGS,DEV139,64715.34,64363.82
TX000919,ACC149,ACC083,762.32,2026-08-27T18:10:46.587217,UPI,DEV149,167363.99,166601.67
TX000223,ACC193,ACC156,4154.11,2026-08-29T15:05:46.575686,NEFT,DEV193,34067.11,29913.0
TX000923,ACC195,ACC047,1737.1,2026-08-28T16:26:46.587314,IMPS,DEV195,57785.91,56048.81
TX000290,ACC155,ACC110,197.76,2026-08-28T02:07:46.576215,NEFT,DEV155,258155.93,257958.17
TX000400,ACC185,ACC018,4468.15,2026-08-26T23:50:46.577066,RTGS,DEV185,97655.35,93187.2
TX000161,ACC049,ACC007,243.23,2026-08-27T09:37:46.575210,RTGS,DEV049,182461.25,182218.02
TX000310,ACC039,ACC133,2727.57,2026-08-28T15:22:46.576368,NEFT,DEV039,149654.48,146926.91
TX000444,ACC140,ACC040,2926.06,2026-08-28T01:35:46.577429,AEPS,DEV140,140682.32,137756.26
TX000040,ACC030,ACC159,1455.75,2026-08-27T00:49:46.574212,NEFT,DEV030,86511.49,85055.74
TX000075,ACC104,ACC123,1935.43,2026-08-27T19:28:46.574547,AEPS,DEV104,223294.85,221359.42
TX000159,ACC017,ACC035,1064.36,2026-08-26T20:01:46.575195,RTGS,DEV017,216381.65,215317.29
TX000828,ACC049,ACC184,1222.56,2026-08-29T13:11:46.584576,IMPS,DEV049,274492.01,273269.45
TX000889,ACC036,ACC098,7535.1,2026-08-27T09:57:46.586540,AEPS,DEV036,271375.59,263840.49
SC005-TX002,ACC192,ACC197,96138.6,2026-08-29T16:35:36.585998,IMPS,DEV192,266936.19,170797.59
TX000965,ACC176,ACC148,1877.23,2026-08-28T10:28:46.588292,UPI,DEV176,266944.44,265067.21
TX000926,ACC092,ACC188,1863.94,2026-08-29T12:25:46.587383,AEPS,DEV092,262151.42,260287.48
TX000466,ACC166,ACC140,677.96,2026-08-27T12:42:46.577606,IMPS,DEV166,256511.15,255833.19
TX000214,ACC048,ACC008,2336.5,2026-08-28T04:58:46.575620,AEPS,DEV048,240893.19,238556.69
TX000617,ACC106,ACC008,2341.62,2026-08-27T05:31:46.580016,AEPS,DEV106,267816.56,265474.94
TX000148,ACC136,ACC060,2024.84,2026-08-27T06:19:46.575112,RTGS,DEV136,58689.54,56664.7
TX000504,ACC006,ACC111,284.66,2026-08-28T00:27:46.577963,UPI,DEV006,89299.7,89015.04
TX000108,ACC103,ACC101,179.57,2026-08-28T06:30:46.574810,NEFT,DEV103,30507.82,30328.25
TX000221,ACC186,ACC102,2143.47,2026-08-27T01:36:46.575671,UPI,DEV186,184393.58,182250.11
TX000099,ACC007,ACC163,1551.02,2026-08-28T13:33:46.574742,RTGS,DEV007,158437.3,156886.28
TX000043,ACC013,ACC189,724.74,2026-08-27T10:13:46.574235,AEPS,DEV013,162320.47,161595.73
SC002-TX004,ACC066,ACC155,35098.99,2026-08-29T16:36:16.585393,UPI,DEV066,137405.35,102306.36
TX000324,ACC038,ACC102,4064.05,2026-08-28T18:09:46.576480,UPI,DEV038,97420.53,93356.48
TX000564,ACC074,ACC059,2985.34,2026-08-26T20:26:46.579153,UPI,DEV074,74599.08,71613.74
TX000119,ACC181,ACC120,1056.95,2026-08-28T15:44:46.574892,RTGS,DEV181,61597.15,60540.2
TX000082,ACC162,ACC007,965.75,2026-08-28T17:20:46.574612,AEPS,DEV162,85652.44,84686.69
TX000680,ACC053,ACC027,3450.46,2026-08-28T15:46:46.581382,UPI,DEV053,53272.09,49821.63
TX000612,ACC063,ACC155,434.59,2026-08-27T02:53:46.579908,UPI,DEV063,260361.29,259926.7
TX000177,ACC123,ACC082,4338.54,2026-08-28T11:21:46.575329,UPI,DEV123,226054.49,221715.95
TX000898,ACC135,ACC168,632.02,2026-08-27T06:15:46.586739,IMPS,DEV135,72060.71,71428.69
TX000929,ACC164,ACC082,149.62,2026-08-27T19:10:46.587450,NEFT,DEV164,69161.72,69012.1
TX000985,ACC068,ACC108,2031.4,2026-08-28T01:25:46.588792,UPI,DEV068,168777.42,166746.02
TX000986,ACC002,ACC030,2305.57,2026-08-29T02:30:46.588811,UPI,DEV002,96995.74,94690.17
TX000690,ACC174,ACC181,541.35,2026-08-26T21:53:46.581570,NEFT,DEV174,238737.86,238196.51
TX000841,ACC190,ACC079,5362.96,2026-08-27T03:18:46.584846,UPI,DEV190,24829.82,19466.86
TX000098,ACC185,ACC123,288.64,2026-08-27T07:37:46.574735,RTGS,DEV185,120719.03,120430.39
TX000140,ACC139,ACC030,2175.29,2026-08-27T05:33:46.575053,AEPS,DEV139,296797.24,294621.95
TX000273,ACC189,ACC008,190.06,2026-08-27T23:37:46.576075,RTGS,DEV189,141787.44,141597.38
TX000925,ACC116,ACC127,941.83,2026-08-29T05:25:46.587359,AEPS,DEV116,193177.38,192235.55
TX000693,ACC081,ACC023,1356.14,2026-08-26T23:05:46.581636,UPI,DEV081,72765.31,71409.17
TX000546,ACC031,ACC140,312.71,2026-08-28T11:15:46.578791,RTGS,DEV031,115774.45,115461.74
TX000616,ACC189,ACC017,344.57,2026-08-29T15:42:46.579989,RTGS,DEV189,256696.99,256352.42
TX000353,ACC071,ACC061,579.5,2026-08-27T08:48:46.576700,RTGS,DEV071,206560.14,205980.64
TX000380,ACC120,ACC123,5315.49,2026-08-29T14:44:46.576916,UPI,DEV120,255634.65,250319.16
TX000598,ACC054,ACC137,854.81,2026-08-27T11:44:46.579651,RTGS,DEV054,230628.8,229773.99
TX000213,ACC178,ACC065,821.01,2026-08-28T18:15:46.575613,IMPS,DEV178,208268.49,207447.48
TX000591,ACC072,ACC024,433.1,2026-08-29T08:11:46.579587,UPI,DEV072,280438.18,280005.08
TX000351,ACC019,ACC029,877.49,2026-08-27T11:56:46.576686,UPI,DEV019,180947.83,180070.34
TX000481,ACC145,ACC122,2056.14,2026-08-27T17:36:46.577730,IMPS,DEV145,76489.21,74433.07
TX000451,ACC012,ACC173,327.92,2026-08-27T23:23:46.577484,RTGS,DEV012,45990.61,45662.69
TX000331,ACC073,ACC124,321.55,2026-08-27T13:08:46.576533,IMPS,DEV073,114029.5,113707.95
TX000932,ACC157,ACC129,3074.35,2026-08-29T08:42:46.587515,UPI,DEV157,149928.03,146853.68
TX000062,ACC060,ACC175,26016.27,2026-08-28T07:42:46.574437,UPI,DEV060,295972.91,269956.64
TX000173,ACC048,ACC006,541.39,2026-08-28T06:26:46.575297,NEFT,DEV048,102374.53,101833.14
TX000764,ACC167,ACC121,587.01,2026-08-28T07:45:46.583153,NEFT,DEV167,290493.09,289906.08
TX000445,ACC113,ACC084,1125.75,2026-08-27T20:48:46.577437,NEFT,DEV113,272150.59,271024.84
TX000316,ACC069,ACC150,1471.09,2026-08-27T10:42:46.576419,RTGS,DEV069,95439.59,93968.5
TX000770,ACC074,ACC137,1075.73,2026-08-29T01:19:46.583276,UPI,DEV074,67228.16,66152.43
TX000705,ACC127,ACC050,2101.82,2026-08-27T03:56:46.581901,IMPS,DEV127,274261.23,272159.41
TX000940,ACC103,ACC175,656.86,2026-08-28T20:02:46.587710,RTGS,DEV103,34539.99,33883.13
TX000061,ACC002,ACC198,169.39,2026-08-27T01:02:46.574430,UPI,DEV002,94919.7,94750.31
TX000576,ACC167,ACC179,2341.44,2026-08-27T11:44:46.579382,IMPS,DEV167,263951.97,261610.53
TX000102,ACC126,ACC116,316.32,2026-08-27T23:08:46.574764,RTGS,DEV126,270285.23,269968.91
TX000956,ACC008,ACC195,193.02,2026-08-28T08:06:46.588086,NEFT,DEV008,127773.27,127580.25
TX000498,ACC062,ACC166,2427.41,2026-08-29T15:15:46.577912,IMPS,DEV062,246203.76,243776.35
TX000320,ACC066,ACC185,213.8,2026-08-29T11:33:46.576449,UPI,DEV066,146238.91,146025.11
TX000528,ACC175,ACC173,3310.68,2026-08-28T21:15:46.578337,NEFT,DEV175,254508.72,251198.04
TX000373,ACC028,ACC191,3854.37,2026-08-27T15:36:46.576865,NEFT,DEV028,248073.58,244219.21
TX000577,ACC101,ACC075,2080.43,2026-08-29T02:26:46.579401,AEPS,DEV101,28756.98,26676.55
TX000798,ACC079,ACC165,926.52,2026-08-29T00:56:46.583925,IMPS,DEV079,130076.04,129149.52
TX000639,ACC191,ACC195,1115.89,2026-08-27T00:13:46.580543,RTGS,DEV191,262150.33,261034.44
TX000182,ACC067,ACC022,728.83,2026-08-26T23:16:46.575366,IMPS,DEV067,169683.62,168954.79
TX000974,ACC179,ACC157,8024.09,2026-08-27T15:34:46.588520,NEFT,DEV179,166220.84,158196.75
TX000636,ACC016,ACC052,2457.39,2026-08-28T02:38:46.580459,AEPS,DEV016,82321.18,79863.79
TX000907,ACC126,ACC012,1430.93,2026-08-28T14:07:46.586941,AEPS,DEV126,146590.61,145159.68
TX000740,ACC104,ACC020,1467.11,2026-08-28T17:28:46.582647,NEFT,DEV104,278661.92,277194.81
TX000319,ACC116,ACC168,21779.9,2026-08-27T04:46:46.576441,RTGS,DEV116,144121.53,122341.63
TX000949,ACC094,ACC145,346.4,2026-08-26T19:24:46.587917,UPI,DEV094,226109.69,225763.29
TX000291,ACC152,ACC167,2094.22,2026-08-26T19:38:46.576222,NEFT,DEV152,36310.59,34216.37
TX000520,ACC029,ACC008,466.82,2026-08-29T14:39:46.578153,AEPS,DEV029,29497.7,29030.88
TX000175,ACC137,ACC017,2765.83,2026-08-29T10:12:46.575314,RTGS,DEV137,169557.37,166791.54
TX000133,ACC194,ACC198,630.7,2026-08-28T11:18:46.575001,UPI,DEV194,268306.02,267675.32
TX000769,ACC040,ACC165,2131.4,2026-08-28T14:25:46.583255,RTGS,DEV040,27557.88,25426.48
TX000666,ACC198,ACC045,858.76,2026-08-27T04:10:46.581095,IMPS,DEV198,108818.54,107959.78
TX000713,ACC193,ACC169,532.79,2026-08-27T02:06:46.582104,UPI,DEV193,203742.63,203209.84
TX000501,ACC042,ACC068,1078.35,2026-08-28T19:33:46.577938,AEPS,DEV042,236855.35,235777.0
TX000909,ACC164,ACC087,5004.15,2026-08-29T11:18:46.586987,NEFT,DEV164,182337.64,177333.49
TX000110,ACC046,ACC029,2178.11,2026-08-26T19:45:46.574825,RTGS,DEV046,188981.87,186803.76
TX000715,ACC050,ACC089,3690.18,2026-08-28T19:10:46.582144,NEFT,DEV050,173863.17,170172.99
TX000257,ACC183,ACC187,1356.9,2026-08-27T06:53:46.575951,IMPS,DEV183,132212.78,130855.88
TX000240,ACC136,ACC145,140.31,2026-08-29T06:13:46.575820,NEFT,DEV136,252711.25,252570.94
TX000724,ACC198,ACC065,770.5,2026-08-27T14:03:46.582326,RTGS,DEV198,289878.37,289107.87
TX000904,ACC113,ACC088,2662.93,2026-08-28T07:58:46.586876,IMPS,DEV113,227241.2,224578.27
TX000139,ACC010,ACC046,1727.66,2026-08-27T04:29:46.575045,UPI,DEV010,222004.49,220276.83
TX000645,ACC063,ACC054,128.26,2026-08-27T04:23:46.580676,AEPS,DEV063,269774.24,269645.98
TX000235,ACC079,ACC120,732.5,2026-08-29T09:25:46.575782,IMPS,DEV079,193985.88,193253.38
TX000743,ACC097,ACC069,788.25,2026-08-28T09:44:46.582709,AEPS,DEV097,105126.46,104338.21
TX000005,ACC053,ACC178,833.6,2026-08-29T10:44:46.573840,AEPS,DEV053,288174.35,287340.75
TX000171,ACC103,ACC178,344.86,2026-08-27T01:47:46.575283,NEFT,DEV103,276610.12,276265.26
TX000176,ACC126,ACC024,1238.98,2026-08-29T13:49:46.575321,AEPS,DEV126,127817.81,126578.83
SC004-TX004,ACC142,ACC172,18389.41,2026-08-29T16:34:55.585781,IMPS,DEV142,195684.94,177295.53
TX000219,ACC193,ACC132,333.85,2026-08-28T22:37:46.575657,AEPS,DEV193,161509.37,161175.52
TX000734,ACC097,ACC026,2874.44,2026-08-29T11:59:46.582527,NEFT,DEV097,177674.83,174800.39
TX000552,ACC052,ACC041,2939.31,2026-08-27T04:24:46.578900,NEFT,DEV052,193220.9,190281.59
TX000046,ACC097,ACC109,1956.62,2026-08-27T00:03:46.574257,UPI,DEV097,193798.55,191841.93
SC001-TX003,ACC025,ACC128,26950.52,2026-08-29T16:35:26.585193,UPI,DEV025,266937.52,239987.0
TX000806,ACC193,ACC079,2758.14,2026-08-27T06:54:46.584101,NEFT,DEV193,88197.1,85438.96
TX000361,ACC165,ACC189,9708.26,2026-08-27T08:57:46.576774,NEFT,DEV165,97442.07,87733.81
TX000752,ACC101,ACC147,901.66,2026-08-28T09:43:46.582885,NEFT,DEV101,211726.72,210825.06
TX000955,ACC164,ACC055,1376.83,2026-08-28T14:32:46.588063,NEFT,DEV164,120137.22,118760.39
TX000494,ACC191,ACC072,2569.41,2026-08-26T23:55:46.577872,IMPS,DEV191,243549.1,240979.69
TX000087,ACC147,ACC159,170.15,2026-08-27T04:06:46.574651,UPI,DEV147,218226.41,218056.26
TX000847,ACC182,ACC134,2648.46,2026-08-27T17:43:46.584975,UPI,DEV182,130827.05,128178.59
TX000631,ACC137,ACC009,843.9,2026-08-28T14:31:46.580330,UPI,DEV137,249314.91,248471.01
TX000188,ACC018,ACC117,299.25,2026-08-28T12:17:46.575422,UPI,DEV018,35960.52,35661.27
TX000882,ACC143,ACC162,754.07,2026-08-27T23:47:46.586391,IMPS,DEV143,295034.88,294280.81
TX000207,ACC144,ACC170,6707.74,2026-08-28T06:26:46.575569,NEFT,DEV144,294460.82,287753.08
TX000522,ACC103,ACC116,1089.02,2026-08-28T06:32:46.578206,AEPS,DEV103,112660.14,111571.12
TX000365,ACC029,ACC032,835.93,2026-08-28T13:15:46.576804,UPI,DEV029,84820.8,83984.87
TX000575,ACC103,ACC156,3669.21,2026-08-28T03:48:46.579370,UPI,DEV103,172695.24,169026.03
TX000975,ACC106,ACC089,1943.17,2026-08-26T20:58:46.588547,AEPS,DEV106,48789.04,46845.87
TX000948,ACC164,ACC130,288.64,2026-08-28T14:10:46.587894,NEFT,DEV164,264262.95,263974.31
TX000415,ACC148,ACC172,4337.63,2026-08-28T00:06:46.577178,UPI,DEV148,77782.9,73445.27
TX000703,ACC094,ACC177,1400.69,2026-08-26T19:34:46.581858,UPI,DEV094,234774.02,233373.33
TX000474,ACC084,ACC027,12571.36,2026-08-29T09:14:46.577669,IMPS,DEV084,47073.98,34502.62
TX000935,ACC149,ACC003,100,2026-08-28T19:21:46.587590,RTGS,DEV149,168845.11,168745.11
TX000156,ACC194,ACC071,385.87,2026-08-27T01:01:46.575172,IMPS,DEV194,93418.75,93032.88
TX000568,ACC126,ACC171,5540.07,2026-08-29T08:56:46.579239,RTGS,DEV126,229507.79,223967.72
TX000621,ACC093,ACC155,2021.3,2026-08-29T15:38:46.580115,NEFT,DEV093,103782.84,101761.54
TX000284,ACC067,ACC069,1552.82,2026-08-27T10:31:46.576158,IMPS,DEV067,66297.83,64745.01
TX000722,ACC105,ACC181,482.74,2026-08-29T03:09:46.582285,IMPS,DEV105,128271.72,127788.98
TX000143,ACC016,ACC040,2499.85,2026-08-27T12:53:46.575075,RTGS,DEV016,255604.81,253104.96
TX000555,ACC003,ACC113,923.79,2026-08-29T13:13:46.578961,AEPS,DEV003,42118.45,41194.66
TX000313,ACC105,ACC005,3178.94,2026-08-28T00:07:46.576393,UPI,DEV105,38065.98,34887.04
TX000837,ACC095,ACC065,575.92,2026-08-28T12:16:46.584765,IMPS,DEV095,274014.92,273439.0
TX000516,ACC133,ACC034,930.43,2026-08-29T15:42:46.578068,AEPS,DEV133,78458.29,77527.86
TX000255,ACC180,ACC151,490.78,2026-08-27T01:16:46.575935,IMPS,DEV180,195384.73,194893.95
TX000079,ACC184,ACC012,7999.31,2026-08-29T14:35:46.574589,NEFT,DEV184,169961.67,161962.36
TX000933,ACC030,ACC050,1958.49,2026-08-27T11:39:46.587537,RTGS,DEV030,143896.95,141938.46
TX000737,ACC018,ACC157,24681.96,2026-08-27T07:00:46.582589,IMPS,DEV018,198630.0,173948.04
TX000901,ACC076,ACC136,8270.69,2026-08-29T01:39:46.586808,AEPS,DEV076,122425.31,114154.62
TX000685,ACC156,ACC069,7878.48,2026-08-27T23:40:46.581474,UPI,DEV156,170669.47,162790.99
TX000684,ACC157,ACC090,1873.06,2026-08-29T04:47:46.581456,UPI,DEV157,290416.68,288543.62
TX000283,ACC173,ACC062,1781.65,2026-08-29T01:17:46.576149,AEPS,DEV173,40536.21,38754.56
TX000643,ACC169,ACC171,874.92,2026-08-29T02:29:46.580640,AEPS,DEV169,165254.73,164379.81
TX000289,ACC060,ACC171,1292.86,2026-08-28T07:34:46.576194,AEPS,DEV060,206431.26,205138.4
TX000694,ACC096,ACC149,13340.4,2026-08-27T12:24:46.581656,RTGS,DEV096,160166.65,146826.25
TX000282,ACC072,ACC074,1137.93,2026-08-26T19:12:46.576140,IMPS,DEV072,288272.68,287134.75
TX000997,ACC057,ACC026,1249.09,2026-08-27T01:45:46.589067,RTGS,DEV057,168857.54,167608.45
TX000637,ACC129,ACC008,8313.4,2026-08-27T16:42:46.580488,RTGS,DEV129,264609.91,256296.51
TX000729,ACC094,ACC018,768.65,2026-08-26T23:53:46.582427,RTGS,DEV094,72822.49,72053.84
TX000845,ACC007,ACC090,810.26,2026-08-28T20:49:46.584934,NEFT,DEV007,153956.42,153146.16
TX000073,ACC181,ACC110,2215.6,2026-08-27T04:02:46.574530,IMPS,DEV181,140209.93,137994.33
TX000077,ACC150,ACC069,434.08,2026-08-29T15:04:46.574562,RTGS,DEV150,210878.07,210443.99
TX000329,ACC120,ACC144,4629.76,2026-08-27T07:56:46.576518,IMPS,DEV120,234476.45,229846.69
TX000996,ACC116,ACC188,2433.51,2026-08-27T22:46:46.589047,IMPS,DEV116,241739.8,239306.29
TX000194,ACC107,ACC034,617.3,2026-08-28T13:39:46.575468,AEPS,DEV107,122487.9,121870.6
TX000714,ACC050,ACC013,3549.49,2026-08-27T03:08:46.582124,NEFT,DEV050,283790.22,280240.73
TX000838,ACC179,ACC190,5394.14,2026-08-29T13:44:46.584786,RTGS,DEV179,159061.57,153667.43
TX000393,ACC188,ACC071,373.05,2026-08-28T02:52:46.577014,IMPS,DEV188,91292.03,90918.98
TX000408,ACC168,ACC146,5408.77,2026-08-27T22:31:46.577127,IMPS,DEV168,88834.77,83426.0
TX000249,ACC050,ACC026,1147.19,2026-08-28T21:41:46.575888,AEPS,DEV050,69341.49,68194.3
TX000432,ACC018,ACC188,2126.83,2026-08-29T16:22:46.577325,UPI,DEV018,171385.56,169258.73
TX000371,ACC165,ACC027,3081.37,2026-08-27T14:47:46.576850,UPI,DEV165,192447.96,189366.59
TX000469,ACC147,ACC128,475.77,2026-08-27T16:23:46.577630,AEPS,DEV147,125894.46,125418.69
TX000403,ACC087,ACC103,1482.22,2026-08-29T14:31:46.577089,AEPS,DEV087,217323.59,215841.37
TX000326,ACC113,ACC132,3104.78,2026-08-26T19:43:46.576495,RTGS,DEV113,126625.72,123520.94
TX000277,ACC191,ACC077,1676.47,2026-08-29T09:11:46.576104,RTGS,DEV191,44856.26,43179.79
TX000922,ACC037,ACC199,834.6,2026-08-27T03:16:46.587292,UPI,DEV037,104119.33,103284.73
TX000115,ACC083,ACC125,314.26,2026-08-29T15:11:46.574863,IMPS,DEV083,195572.15,195257.89
TX000015,ACC101,ACC055,1014.23,2026-08-28T04:34:46.574011,IMPS,DEV101,288233.86,287219.63
TX000790,ACC097,ACC117,962.67,2026-08-27T11:35:46.583725,NEFT,DEV097,122389.11,121426.44
TX000020,ACC096,ACC124,711.05,2026-08-28T05:18:46.574058,AEPS,DEV096,68038.76,67327.71
TX000455,ACC064,ACC147,2732.38,2026-08-27T05:16:46.577515,RTGS,DEV064,259810.6,257078.22
TX000349,ACC035,ACC069,1262.78,2026-08-27T19:11:46.576671,RTGS,DEV035,258758.75,257495.97
TX000502,ACC098,ACC115,224.09,2026-08-27T17:39:46.577946,NEFT,DEV098,232621.55,232397.46
TX000832,ACC038,ACC187,1516.6,2026-08-29T00:23:46.584660,NEFT,DEV038,188435.72,186919.12
TX000103,ACC133,ACC011,2621.22,2026-08-29T00:59:46.574771,IMPS,DEV133,123193.2,120571.98
TX000611,ACC088,ACC122,3254.48,2026-08-28T07:59:46.579890,UPI,DEV088,91062.49,87808.01
TX000063,ACC047,ACC034,100,2026-08-28T00:22:46.574446,IMPS,DEV047,50665.86,50565.86
TX000230,ACC139,ACC001,3854.64,2026-08-26T21:31:46.575742,IMPS,DEV139,160812.76,156958.12
TX000406,ACC021,ACC003,3122.21,2026-08-27T13:41:46.577112,NEFT,DEV021,273064.33,269942.12
TX000977,ACC182,ACC158,429.27,2026-08-26T20:48:46.588596,NEFT,DEV182,66287.69,65858.42
TX000322,ACC114,ACC177,1278.06,2026-08-28T19:48:46.576464,IMPS,DEV114,154897.95,153619.89
TX000372,ACC055,ACC166,469.03,2026-08-28T20:53:46.576857,UPI,DEV055,171434.52,170965.49
TX000375,ACC019,ACC151,925.86,2026-08-28T18:50:46.576879,NEFT,DEV019,119162.8,118236.94
TX000970,ACC193,ACC194,350.56,2026-08-26T18:46:46.588402,RTGS,DEV193,233272.72,232922.16
TX000816,ACC137,ACC008,952.3,2026-08-28T08:09:46.584326,UPI,DEV137,126019.89,125067.59
TX000521,ACC187,ACC180,4262.58,2026-08-29T15:09:46.578176,RTGS,DEV187,236378.49,232115.91
TX000850,ACC016,ACC126,1206.01,2026-08-29T11:36:46.585040,UPI,DEV016,231892.0,230685.99
TX000811,ACC053,ACC028,1093.95,2026-08-27T12:36:46.584224,NEFT,DEV053,261212.14,260118.19
TX000644,ACC002,ACC171,378.78,2026-08-29T14:22:46.580658,AEPS,DEV002,230827.2,230448.42
TX000779,ACC020,ACC115,3922.89,2026-08-29T12:24:46.583475,UPI,DEV020,279883.63,275960.74
TX000220,ACC150,ACC073,911.58,2026-08-27T14:36:46.575664,RTGS,DEV150,271111.8,270200.22
TX000203,ACC107,ACC164,366.95,2026-08-29T00:57:46.575536,RTGS,DEV107,227961.54,227594.59
TX000476,ACC013,ACC040,100,2026-08-27T00:40:46.577687,UPI,DEV013,21100.28,21000.28
TX000109,ACC099,ACC112,676.82,2026-08-28T15:55:46.574817,NEFT,DEV099,226414.07,225737.25
TX000529,ACC084,ACC141,2679.8,2026-08-28T02:50:46.578358,NEFT,DEV084,49090.09,46410.29
TX000304,ACC061,ACC133,2268.69,2026-08-28T03:56:46.576323,UPI,DEV061,280624.14,278355.45
TX000163,ACC041,ACC013,791.67,2026-08-26T20:19:46.575224,UPI,DEV041,78052.5,77260.83
TX000981,ACC044,ACC160,1314.64,2026-08-29T14:39:46.588704,RTGS,DEV044,285653.31,284338.67
TX000049,ACC094,ACC044,1435.81,2026-08-28T09:56:46.574279,UPI,DEV094,259531.05,258095.24
TX000527,ACC158,ACC150,413.17,2026-08-27T14:10:46.578317,UPI,DEV158,281412.82,280999.65
TX000105,ACC013,ACC181,2034.93,2026-08-29T02:08:46.574786,UPI,DEV013,199132.12,197097.19
TX000964,ACC024,ACC072,1215.48,2026-08-27T12:17:46.588269,IMPS,DEV024,284735.04,283519.56
TX000584,ACC173,ACC094,1723.7,2026-08-28T14:51:46.579515,NEFT,DEV173,79160.06,77436.36
TX000312,ACC184,ACC178,1697.73,2026-08-29T13:34:46.576385,AEPS,DEV184,86566.19,84868.46
TX000672,ACC156,ACC150,456.81,2026-08-27T17:57:46.581222,RTGS,DEV156,192468.52,192011.71
TX000657,ACC051,ACC148,1363.75,2026-08-29T03:13:46.580914,UPI,DEV051,148561.7,147197.95
TX000155,ACC061,ACC193,2721.38,2026-08-28T06:32:46.575165,NEFT,DEV061,89112.65,86391.27
TX000683,ACC166,ACC099,4112.23,2026-08-26T21:57:46.581437,RTGS,DEV166,265679.76,261567.53
TX000296,ACC049,ACC109,907.07,2026-08-27T09:27:46.576260,NEFT,DEV049,160668.38,159761.31
TX000179,ACC103,ACC063,127.85,2026-08-27T22:57:46.575343,NEFT,DEV103,26149.84,26021.99
TX000106,ACC151,ACC013,419.73,2026-08-29T03:11:46.574794,UPI,DEV151,238715.55,238295.82
TX000302,ACC189,ACC157,2699.06,2026-08-27T18:16:46.576306,UPI,DEV189,66914.78,64215.72
TX000535,ACC190,ACC109,4853.25,2026-08-28T16:39:46.578540,RTGS,DEV190,261219.95,256366.7
TX000634,ACC194,ACC170,4147.11,2026-08-27T15:05:46.580398,RTGS,DEV194,29899.89,25752.78
TX000150,ACC074,ACC103,592.36,2026-08-29T02:21:46.575128,UPI,DEV074,209942.05,209349.69
TX000543,ACC033,ACC193,1414.55,2026-08-28T17:31:46.578740,IMPS,DEV033,75868.39,74453.84
TX000450,ACC074,ACC062,179.46,2026-08-29T04:22:46.577477,NEFT,DEV074,148185.4,148005.94
TX000711,ACC117,ACC168,3452.74,2026-08-28T17:17:46.582062,IMPS,DEV117,289852.38,286399.64
TX000311,ACC166,ACC196,2225.18,2026-08-29T14:01:46.576377,IMPS,DEV166,208194.99,205969.81
SC007-TX001,ACC078,ACC002,19478.4,2026-08-29T16:33:46.586228,IMPS,DEV078,92689.11,73210.71
TX000777,ACC005,ACC104,358.4,2026-08-28T03:41:46.583433,UPI,DEV005,128236.61,127878.21
TX000508,ACC109,ACC065,164.17,2026-08-28T06:08:46.578000,NEFT,DEV109,190322.47,190158.3
TX000343,ACC129,ACC161,463.5,2026-08-28T05:33:46.576625,AEPS,DEV129,70322.82,69859.32
TX000822,ACC182,ACC151,1066.57,2026-08-29T16:09:46.584447,RTGS,DEV182,218309.31,217242.74
TX000475,ACC156,ACC001,557.39,2026-08-27T22:40:46.577678,IMPS,DEV156,33662.08,33104.69
TX000579,ACC200,ACC121,4696.41,2026-08-28T12:49:46.579463,RTGS,DEV200,43170.5,38474.09
TX000794,ACC180,ACC007,1200.25,2026-08-28T09:49:46.583827,UPI,DEV180,45419.14,44218.89
TX000917,ACC029,ACC058,1457.88,2026-08-28T16:17:46.587158,AEPS,DEV029,260054.58,258596.7
TX000382,ACC200,ACC141,100,2026-08-27T01:22:46.576931,AEPS,DEV200,191856.41,191756.41
TX000160,ACC023,ACC049,2188.58,2026-08-27T12:14:46.575203,IMPS,DEV023,95132.59,92944.01
TX000347,ACC059,ACC050,5251.1,2026-08-29T15:42:46.576656,AEPS,DEV059,154553.34,149302.24
TX000035,ACC180,ACC090,325.45,2026-08-28T16:13:46.574175,UPI,DEV180,59266.22,58940.77
TX000603,ACC026,ACC092,2311.8,2026-08-28T19:20:46.579725,NEFT,DEV026,149385.31,147073.51
TX000439,ACC097,ACC015,3246.91,2026-08-29T02:25:46.577381,AEPS,DEV097,45793.31,42546.4
TX000549,ACC087,ACC179,3093.75,2026-08-26T16:54:46.578846,UPI,DEV087,83830.96,80737.21
TX000488,ACC077,ACC120,562.96,2026-08-27T13:15:46.577785,UPI,DEV077,242830.22,242267.26
TX000782,ACC046,ACC049,561.46,2026-08-28T14:41:46.583544,AEPS,DEV046,137736.13,137174.67
TX000586,ACC068,ACC018,369.39,2026-08-27T21:21:46.579532,RTGS,DEV068,38560.26,38190.87
TX000333,ACC159,ACC123,1439.01,2026-08-28T16:35:46.576548,RTGS,DEV159,206827.35,205388.34
TX000536,ACC176,ACC003,190.98,2026-08-28T09:41:46.578598,NEFT,DEV176,26637.3,26446.32
TX000192,ACC037,ACC187,717.74,2026-08-27T05:50:46.575453,RTGS,DEV037,28893.71,28175.97
TX000708,ACC051,ACC035,1166.17,2026-08-27T10:06:46.581992,NEFT,DEV051,195901.65,194735.48
TX000761,ACC118,ACC185,2184.1,2026-08-27T19:56:46.583081,AEPS,DEV118,68356.28,66172.18
TX000430,ACC043,ACC125,207.59,2026-08-27T22:20:46.577309,RTGS,DEV043,126228.65,126021.06
TX000201,ACC162,ACC012,5675.38,2026-08-26T19:32:46.575520,UPI,DEV162,107017.91,101342.53
TX000335,ACC041,ACC076,439.8,2026-08-28T00:48:46.576563,RTGS,DEV041,158046.41,157606.61
TX000402,ACC069,ACC082,2436.26,2026-08-26T22:58:46.577081,RTGS,DEV069,246576.95,244140.69
TX000094,ACC066,ACC151,1288.77,2026-08-27T04:04:46.574705,RTGS,DEV066,202774.09,201485.32
TX000338,ACC024,ACC070,1335.48,2026-08-27T17:26:46.576586,RTGS,DEV024,136532.98,135197.5
TX000095,ACC015,ACC140,618.97,2026-08-29T06:57:46.574713,IMPS,DEV015,64460.39,63841.42
TX000938,ACC095,ACC099,357.63,2026-08-29T01:52:46.587659,IMPS,DEV095,280588.71,280231.08
TX000253,ACC047,ACC051,1102.35,2026-08-28T04:03:46.575921,UPI,DEV047,214306.28,213203.93
TX000378,ACC161,ACC086,2653.83,2026-08-27T07:34:46.576901,NEFT,DEV161,270100.13,267446.3
TX000849,ACC053,ACC143,4448.26,2026-08-26T18:47:46.585019,AEPS,DEV053,292130.58,287682.32
TX000969,ACC043,ACC146,148.45,2026-08-26T18:19:46.588379,RTGS,DEV043,104659.44,104510.99
TX000916,ACC194,ACC117,1138.38,2026-08-26T20:37:46.587137,RTGS,DEV194,168627.43,167489.05
TX000354,ACC089,ACC191,1359.99,2026-08-27T06:04:46.576720,UPI,DEV089,34466.75,33106.76
TX000438,ACC060,ACC150,1468.41,2026-08-28T18:10:46.577373,NEFT,DEV060,26821.37,25352.96
TX000605,ACC172,ACC100,439.58,2026-08-28T05:11:46.579762,RTGS,DEV172,201877.57,201437.99
TX000879,ACC119,ACC155,816.09,2026-08-29T04:28:46.586324,RTGS,DEV119,87759.3,86943.21
TX000066,ACC185,ACC020,451.57,2026-08-27T21:57:46.574474,NEFT,DEV185,108535.82,108084.25
TX000763,ACC192,ACC051,981.79,2026-08-27T19:45:46.583121,AEPS,DEV192,33681.36,32699.57
TX000241,ACC098,ACC093,229.55,2026-08-27T19:16:46.575827,UPI,DEV098,74907.02,74677.47
TX000998,ACC186,ACC144,4304.99,2026-08-28T16:21:46.589109,RTGS,DEV186,298113.57,293808.58
TX000225,ACC033,ACC119,1686.38,2026-08-29T12:01:46.575702,IMPS,DEV033,166433.16,164746.78
TX000419,ACC170,ACC083,4205.86,2026-08-28T15:34:46.577223,AEPS,DEV170,270978.24,266772.38
TX000356,ACC029,ACC194,453.93,2026-08-28T04:29:46.576736,IMPS,DEV029,204048.61,203594.68
TX000055,ACC050,ACC087,1643.17,2026-08-27T19:19:46.574366,AEPS,DEV050,186501.93,184858.76
TX000228,ACC170,ACC167,5074.67,2026-08-26T23:00:46.575727,UPI,DEV170,236055.52,230980.85
TX000952,ACC153,ACC086,105.85,2026-08-29T06:31:46.587995,IMPS,DEV153,119020.53,118914.68
TX000810,ACC162,ACC128,2957.06,2026-08-28T16:48:46.584190,IMPS,DEV162,49931.51,46974.45
TX000293,ACC033,ACC148,4527.12,2026-08-29T11:26:46.576237,AEPS,DEV033,183916.61,179389.49
TX000640,ACC057,ACC065,3750.41,2026-08-26T23:11:46.580569,RTGS,DEV057,124770.65,121020.24
TX000141,ACC153,ACC150,332.64,2026-08-28T21:46:46.575060,AEPS,DEV153,143795.5,143462.86
TX000771,ACC033,ACC067,985.23,2026-08-29T12:25:46.583300,UPI,DEV033,210714.55,209729.32
TX000630,ACC181,ACC191,341.68,2026-08-28T16:11:46.580311,RTGS,DEV181,188936.95,188595.27
TX000999,ACC191,ACC044,2883.99,2026-08-27T04:53:46.589131,RTGS,DEV191,203569.27,200685.28
TX000762,ACC020,ACC031,1983.14,2026-08-28T05:36:46.583103,AEPS,DEV020,288234.36,286251.22
TX000276,ACC109,ACC162,7869.15,2026-08-29T04:31:46.576097,RTGS,DEV109,202843.27,194974.12
TX000707,ACC116,ACC105,1587.16,2026-08-28T13:49:46.581960,UPI,DEV116,77174.72,75587.56
TX000134,ACC179,ACC140,663.07,2026-08-28T11:18:46.575009,IMPS,DEV179,202495.93,201832.86
TX000796,ACC083,ACC006,907.69,2026-08-29T13:51:46.583881,UPI,DEV083,173910.47,173002.78
TX000574,ACC178,ACC135,3661.83,2026-08-27T23:24:46.579362,RTGS,DEV178,141364.96,137703.13
TX000404,ACC125,ACC090,2310.34,2026-08-28T06:28:46.577097,RTGS,DEV125,160118.8,157808.46
TX000654,ACC117,ACC113,340.01,2026-08-29T04:22:46.580858,UPI,DEV117,50314.37,49974.36
TX000258,ACC044,ACC159,7691.08,2026-08-26T16:46:46.575958,IMPS,DEV044,297928.61,290237.53
TX000285,ACC051,ACC155,2329.6,2026-08-26T19:31:46.576165,NEFT,DEV051,174703.41,172373.81
TX000153,ACC175,ACC102,581.46,2026-08-27T23:32:46.575150,AEPS,DEV175,106077.5,105496.04
TX000934,ACC098,ACC085,483.88,2026-08-27T03:39:46.587566,AEPS,DEV098,195092.84,194608.96
TX000428,ACC190,ACC029,1244.77,2026-08-28T22:17:46.577293,IMPS,DEV190,132061.69,130816.92
TX000930,ACC194,ACC065,1838.43,2026-08-29T06:24:46.587471,RTGS,DEV194,251171.17,249332.74
TX000913,ACC099,ACC035,1076.57,2026-08-27T05:49:46.587072,NEFT,DEV099,266414.71,265338.14
TX000921,ACC012,ACC058,121.28,2026-08-28T18:11:46.587270,UPI,DEV012,205816.51,205695.23
TX000895,ACC064,ACC009,3945.01,2026-08-29T03:38:46.586674,NEFT,DEV064,225162.77,221217.76
TX000084,ACC104,ACC072,1301.16,2026-08-29T12:41:46.574627,IMPS,DEV104,252273.77,250972.61
TX000787,ACC022,ACC005,4923.09,2026-08-28T06:38:46.583655,IMPS,DEV022,80704.57,75781.48
TX000826,ACC049,ACC069,4758.22,2026-08-26T19:44:46.584537,IMPS,DEV049,217054.22,212296.0
TX000033,ACC097,ACC168,2062.02,2026-08-27T13:32:46.574160,NEFT,DEV097,148199.11,146137.09
TX000682,ACC123,ACC011,349.1,2026-08-27T21:37:46.581418,IMPS,DEV123,38927.06,38577.96
TX000900,ACC094,ACC180,1875.48,2026-08-27T09:50:46.586786,IMPS,DEV094,23919.8,22044.32
TX000017,ACC095,ACC096,12416.36,2026-08-29T08:46:46.574034,RTGS,DEV095,250339.62,237923.26
TX000902,ACC094,ACC099,1130.26,2026-08-27T06:43:46.586833,AEPS,DEV094,174062.81,172932.55
TX000112,ACC121,ACC007,333.23,2026-08-28T20:38:46.574840,IMPS,DEV121,151187.33,150854.1
TX000468,ACC145,ACC087,1230.83,2026-08-28T18:48:46.577622,NEFT,DEV145,264190.85,262960.02
TX000016,ACC014,ACC186,1110.85,2026-08-28T17:11:46.574025,UPI,DEV014,145022.67,143911.82
TX000583,ACC142,ACC164,3795.07,2026-08-27T18:00:46.579506,IMPS,DEV142,150565.7,146770.63
TX000800,ACC036,ACC030,1295.44,2026-08-29T16:10:46.583968,NEFT,DEV036,82710.32,81414.88
TX000226,ACC052,ACC174,1409.04,2026-08-26T21:55:46.575712,NEFT,DEV052,266973.27,265564.23
TX000337,ACC106,ACC028,7439.98,2026-08-27T11:03:46.576577,RTGS,DEV106,123090.79,115650.81
TX000392,ACC093,ACC023,3309.98,2026-08-29T00:46:46.577007,NEFT,DEV093,209170.94,205860.96
TX000497,ACC191,ACC006,1235.63,2026-08-27T12:01:46.577901,UPI,DEV191,280950.4,279714.77
TX000736,ACC101,ACC113,2907.5,2026-08-29T02:17:46.582566,UPI,DEV101,260132.14,257224.64
TX000271,ACC009,ACC198,206.36,2026-08-28T18:11:46.576060,UPI,DEV009,228210.44,228004.08
SC003-TX002,ACC154,ACC194,7876.84,2026-08-29T16:34:12.585586,IMPS,DEV154,164778.42,156901.58
TX000509,ACC108,ACC191,1767.04,2026-08-26T17:31:46.578008,IMPS,DEV108,126027.28,124260.24
TX000456,ACC180,ACC076,1159.67,2026-08-29T16:27:46.577523,NEFT,DEV180,186040.6,184880.93
TX000844,ACC142,ACC040,2473.75,2026-08-29T02:51:46.584913,RTGS,DEV142,253843.67,251369.92
TX000931,ACC142,ACC115,3061.39,2026-08-28T03:32:46.587493,IMPS,DEV142,60371.43,57310.04
TX000081,ACC125,ACC002,788.33,2026-08-26T17:33:46.574604,NEFT,DEV125,111213.3,110424.97
TX000589,ACC068,ACC107,230.55,2026-08-27T13:44:46.579557,UPI,DEV068,253757.04,253526.49
TX000620,ACC052,ACC063,604.97,2026-08-27T09:31:46.580092,AEPS,DEV052,264805.98,264201.01
TX000328,ACC023,ACC066,8138.88,2026-08-28T10:14:46.576510,IMPS,DEV023,168846.7,160707.82
TX000362,ACC108,ACC043,1060.19,2026-08-28T11:27:46.576781,IMPS,DEV108,55570.37,54510.18
TX000551,ACC063,ACC037,6350.55,2026-08-29T04:49:46.578883,NEFT,DEV063,113993.21,107642.66
TX000614,ACC184,ACC048,790.26,2026-08-28T22:31:46.579945,RTGS,DEV184,298332.73,297542.47
TX000453,ACC077,ACC129,7086.61,2026-08-28T23:46:46.577499,UPI,DEV077,195818.49,188731.88
TX000394,ACC066,ACC110,19416.4,2026-08-28T03:03:46.577021,UPI,DEV066,26985.95,7569.55
TX000473,ACC142,ACC084,5995.55,2026-08-27T00:56:46.577661,NEFT,DEV142,149257.56,143262.01
TX000433,ACC059,ACC184,6735.23,2026-08-29T12:21:46.577333,NEFT,DEV059,267192.02,260456.79
TX000944,ACC086,ACC118,154.87,2026-08-29T12:31:46.587797,NEFT,DEV086,120264.79,120109.92
TX000124,ACC119,ACC064,341.64,2026-08-29T16:12:46.574930,IMPS,DEV119,136877.44,136535.8
TX000131,ACC060,ACC130,942.77,2026-08-29T08:53:46.574986,IMPS,DEV060,72295.07,71352.3
TX000125,ACC182,ACC171,1007.03,2026-08-27T13:04:46.574937,RTGS,DEV182,296098.36,295091.33
TX000775,ACC029,ACC189,3276.34,2026-08-28T15:55:46.583387,IMPS,DEV029,230879.15,227602.81
TX000022,ACC126,ACC122,548.72,2026-08-26T17:23:46.574074,NEFT,DEV126,297550.55,297001.83
TX000696,ACC118,ACC068,12005.31,2026-08-28T07:47:46.581708,RTGS,DEV118,95845.7,83840.39
TX000592,ACC122,ACC061,11371.57,2026-08-28T23:18:46.579596,NEFT,DEV122,278269.21,266897.64
TX000745,ACC035,ACC189,801.2,2026-08-27T03:54:46.582745,IMPS,DEV035,285739.44,284938.24
TX000759,ACC169,ACC192,31055.23,2026-08-26T18:38:46.583034,IMPS,DEV169,199060.92,168005.69
TX000336,ACC018,ACC145,640.47,2026-08-27T17:13:46.576570,IMPS,DEV018,282044.04,281403.57
TX000718,ACC093,ACC088,6915.59,2026-08-28T17:34:46.582205,AEPS,DEV093,112368.68,105453.09
TX000384,ACC039,ACC065,423.88,2026-08-28T20:47:46.576947,UPI,DEV039,231364.27,230940.39
TX000720,ACC166,ACC026,3881.88,2026-08-28T01:13:46.582246,IMPS,DEV166,112679.1,108797.22
TX000294,ACC037,ACC018,866.87,2026-08-29T12:25:46.576244,UPI,DEV037,212520.64,211653.77
TX000556,ACC200,ACC145,872.84,2026-08-29T04:42:46.578983,AEPS,DEV200,31610.04,30737.2
TX000410,ACC080,ACC095,233.73,2026-08-28T00:56:46.577142,AEPS,DEV080,169012.77,168779.04
TX000129,ACC190,ACC108,778.74,2026-08-29T06:41:46.574967,IMPS,DEV190,155804.81,155026.07
TX000673,ACC074,ACC175,1211.62,2026-08-29T15:42:46.581240,AEPS,DEV074,75476.12,74264.5
TX000004,ACC190,ACC066,7349.06,2026-08-29T02:43:46.573823,RTGS,DEV190,264638.78,257289.72
TX000833,ACC030,ACC027,3326.53,2026-08-26T17:06:46.584682,UPI,DEV030,183880.07,180553.54
TX000274,ACC134,ACC101,3311.96,2026-08-28T11:14:46.576082,AEPS,DEV134,93728.33,90416.37
TX000971,ACC121,ACC198,731.29,2026-08-29T06:16:46.588430,IMPS,DEV121,176831.84,176100.55
TX000484,ACC028,ACC112,989.08,2026-08-27T13:23:46.577754,RTGS,DEV028,268935.66,267946.58
TX000472,ACC026,ACC112,2787.66,2026-08-29T02:56:46.577653,AEPS,DEV026,198995.62,196207.96
TX000641,ACC106,ACC159,2447.71,2026-08-27T22:23:46.580593,AEPS,DEV106,229103.38,226655.67
TX000817,ACC090,ACC194,1362.2,2026-08-27T08:20:46.584346,RTGS,DEV090,122048.57,120686.37
TX000805,ACC031,ACC128,7098.37,2026-08-27T07:41:46.584078,NEFT,DEV031,76695.87,69597.5
TX000053,ACC172,ACC176,1674.42,2026-08-28T02:39:46.574321,UPI,DEV172,123528.08,121853.66
TX000797,ACC196,ACC135,2106.34,2026-08-29T09:19:46.583903,IMPS,DEV196,270354.84,268248.5
TX000664,ACC163,ACC160,6962.64,2026-08-28T15:49:46.581050,UPI,DEV163,66370.62,59407.98
TX000606,ACC129,ACC179,9640.71,2026-08-27T09:26:46.579782,AEPS,DEV129,104788.31,95147.6
TX000421,ACC002,ACC073,4047.9,2026-08-27T22:24:46.577238,IMPS,DEV002,256471.21,252423.31
TX000200,ACC183,ACC080,6824.02,2026-08-29T04:50:46.575512,AEPS,DEV183,156775.32,149951.3
TX000437,ACC136,ACC052,3847.18,2026-08-28T14:49:46.577365,AEPS,DEV136,197835.77,193988.59
SC004-TX005,ACC142,ACC168,24512.69,2026-08-29T16:36:14.585781,UPI,DEV142,146805.62,122292.93
TX000619,ACC170,ACC078,2875.42,2026-08-29T07:33:46.580067,AEPS,DEV170,248082.62,245207.2
TX000808,ACC183,ACC038,1771.46,2026-08-26T19:41:46.584142,IMPS,DEV183,225037.61,223266.15
TX000980,ACC162,ACC040,713.75,2026-08-27T00:39:46.588676,RTGS,DEV162,278926.3,278212.55
TX000398,ACC132,ACC116,1411.54,2026-08-27T16:15:46.577050,RTGS,DEV132,209444.35,208032.81
TX000989,ACC065,ACC166,554.4,2026-08-27T05:46:46.588877,NEFT,DEV065,188246.55,187692.15
TX000814,ACC123,ACC151,961.34,2026-08-28T19:20:46.584285,RTGS,DEV123,224361.04,223399.7
TX000227,ACC094,ACC195,835.9,2026-08-29T13:50:46.575720,UPI,DEV094,243693.29,242857.39
TX000500,ACC156,ACC125,436.74,2026-08-27T02:07:46.577930,UPI,DEV156,138315.21,137878.47
TX000846,ACC176,ACC193,2081.22,2026-08-27T23:37:46.584954,AEPS,DEV176,232881.5,230800.28
TX000323,ACC049,ACC121,2224.41,2026-08-28T15:30:46.576473,UPI,DEV049,140383.29,138158.88
TX000414,ACC152,ACC196,3598.47,2026-08-29T10:27:46.577171,UPI,DEV152,23093.37,19494.9
TX000788,ACC137,ACC049,627.64,2026-08-28T09:10:46.583677,IMPS,DEV137,50162.83,49535.19
TX000947,ACC087,ACC021,839.04,2026-08-29T13:44:46.587873,NEFT,DEV087,67425.14,66586.1
TX000746,ACC159,ACC046,2296.18,2026-08-29T05:32:46.582766,NEFT,DEV159,92742.9,90446.72
TX000178,ACC001,ACC062,1439.67,2026-08-26T21:30:46.575336,NEFT,DEV001,283095.9,281656.23
TX000059,ACC054,ACC098,834.56,2026-08-28T22:53:46.574415,IMPS,DEV054,278489.55,277654.99
TX000325,ACC077,ACC035,2937.7,2026-08-27T07:38:46.576488,IMPS,DEV077,59503.82,56566.12
TX000512,ACC141,ACC050,803.67,2026-08-28T00:27:46.578032,NEFT,DEV141,292506.95,291703.28
TX000407,ACC037,ACC119,1030.55,2026-08-27T12:35:46.577119,IMPS,DEV037,261973.6,260943.05
TX000299,ACC118,ACC185,5575.85,2026-08-26T19:32:46.576283,NEFT,DEV118,103474.1,97898.25
TX000058,ACC160,ACC022,906.31,2026-08-28T16:46:46.574406,AEPS,DEV160,195005.44,194099.13
TX000034,ACC171,ACC187,429.64,2026-08-28T06:14:46.574167,IMPS,DEV171,59938.4,59508.76
TX000107,ACC001,ACC184,605.59,2026-08-26T21:52:46.574802,IMPS,DEV001,145261.74,144656.15
TX000002,ACC125,ACC133,653.34,2026-08-29T11:30:46.573779,NEFT,DEV125,114536.43,113883.09
TX000756,ACC019,ACC106,1696.92,2026-08-26T20:31:46.582970,AEPS,DEV019,101098.97,99402.05
TX000681,ACC061,ACC159,2956.17,2026-08-27T04:17:46.581400,UPI,DEV061,246324.16,243367.99
TX000130,ACC061,ACC113,425.41,2026-08-28T22:06:46.574978,AEPS,DEV061,39304.22,38878.81
SC003-TX004,ACC154,ACC198,16747.53,2026-08-29T16:35:25.585586,IMPS,DEV154,59303.11,42555.58
TX000208,ACC023,ACC175,376.61,2026-08-27T08:26:46.575576,AEPS,DEV023,198277.91,197901.3
TX000651,ACC094,ACC019,338.14,2026-08-29T15:49:46.580790,NEFT,DEV094,97922.19,97584.05
TX000717,ACC165,ACC075,1384.15,2026-08-27T12:21:46.582183,NEFT,DEV165,59684.55,58300.4
TX000363,ACC102,ACC151,5625.51,2026-08-29T00:57:46.576789,UPI,DEV102,145605.73,139980.22
TX000072,ACC089,ACC070,4274.89,2026-08-26T18:02:46.574522,UPI,DEV089,202515.29,198240.4
TX000678,ACC049,ACC192,485.62,2026-08-27T01:18:46.581346,NEFT,DEV049,70928.75,70443.13
TX000239,ACC175,ACC097,223.7,2026-08-29T11:17:46.575812,AEPS,DEV175,298385.75,298162.05
TX000587,ACC161,ACC093,635.6,2026-08-27T11:32:46.579540,NEFT,DEV161,99225.84,98590.24
TX000950,ACC077,ACC122,2675.35,2026-08-29T10:21:46.587940,RTGS,DEV077,187752.44,185077.09
TX000884,ACC086,ACC169,2998.65,2026-08-26T18:07:46.586434,RTGS,DEV086,114756.03,111757.38
TX000054,ACC053,ACC149,164.92,2026-08-27T14:50:46.574346,IMPS,DEV053,25054.28,24889.36
TX000266,ACC169,ACC200,407.46,2026-08-29T06:32:46.576020,UPI,DEV169,227050.69,226643.23
TX000721,ACC032,ACC180,1888.43,2026-08-28T05:49:46.582264,RTGS,DEV032,187314.61,185426.18
SC002-TX001,ACC096,ACC155,37904.02,2026-08-29T16:33:46.585393,UPI,DEV096,283351.17,245447.15
TX000198,ACC184,ACC114,183.91,2026-08-26T22:24:46.575498,UPI,DEV184,24834.06,24650.15
TX000093,ACC167,ACC058,378.91,2026-08-27T13:31:46.574697,AEPS,DEV167,21160.69,20781.78
TX000783,ACC045,ACC064,2035.8,2026-08-27T12:29:46.583567,UPI,DEV045,72572.62,70536.82
TX000089,ACC005,ACC021,172.12,2026-08-27T12:10:46.574667,RTGS,DEV005,84823.63,84651.51
TX000448,ACC179,ACC026,243.05,2026-08-27T03:42:46.577461,UPI,DEV179,299544.76,299301.71
TX000991,ACC042,ACC054,1898.71,2026-08-29T14:21:46.588919,IMPS,DEV042,115841.15,113942.44
TX000442,ACC031,ACC007,15179.11,2026-08-27T05:30:46.577412,RTGS,DEV031,47513.58,32334.47
TX000314,ACC071,ACC055,773.66,2026-08-29T14:43:46.576400,AEPS,DEV071,64171.3,63397.64
TX000146,ACC010,ACC176,3386.25,2026-08-27T01:01:46.575097,NEFT,DEV010,159249.91,155863.66
TX000222,ACC018,ACC172,196.22,2026-08-27T06:48:46.575678,UPI,DEV018,93961.23,93765.01
TX000495,ACC132,ACC095,4970.12,2026-08-29T06:08:46.577883,IMPS,DEV132,189532.51,184562.39
TX000899,ACC070,ACC062,349.9,2026-08-28T15:25:46.586762,UPI,DEV070,30303.97,29954.07
TX000279,ACC089,ACC087,315.94,2026-08-27T08:31:46.576118,UPI,DEV089,268881.55,268565.61
TX000021,ACC029,ACC128,3472.05,2026-08-28T07:52:46.574066,AEPS,DEV029,170251.24,166779.19
TX000422,ACC114,ACC142,835.68,2026-08-27T03:15:46.577246,RTGS,DEV114,27550.21,26714.53
TX000025,ACC153,ACC098,3603.91,2026-08-29T15:28:46.574098,UPI,DEV153,160522.15,156918.24
TX000009,ACC075,ACC129,871.48,2026-08-27T20:11:46.573904,NEFT,DEV075,153297.23,152425.75
TX000553,ACC070,ACC002,2168.31,2026-08-27T07:15:46.578918,IMPS,DEV070,291357.7,289189.39
TX000897,ACC076,ACC118,2975.39,2026-08-27T00:02:46.586716,NEFT,DEV076,207450.18,204474.79
TX000653,ACC048,ACC046,804.5,2026-08-27T23:28:46.580834,NEFT,DEV048,42389.32,41584.82
TX000957,ACC102,ACC185,4720.27,2026-08-27T17:50:46.588108,RTGS,DEV102,270954.03,266233.76
TX000823,ACC100,ACC133,494.67,2026-08-26T22:46:46.584472,IMPS,DEV100,133853.69,133359.02
TX000334,ACC083,ACC065,871.48,2026-08-28T13:18:46.576555,RTGS,DEV083,172882.8,172011.32
TX000642,ACC128,ACC020,4679.35,2026-08-29T05:12:46.580618,NEFT,DEV128,216857.1,212177.75
