scenario_id,transaction_id,pattern_type,is_fraud,involved_account_ids,expected_cashout_terminal_id
,TXN-b1a8b71f,normal,False,[],
,TXN-ffd6f232,normal,False,[],
,TXN-2179e3f0,normal,False,[],
,TXN-fbff8a7d,normal,False,[],
,TXN-e346f415,normal,False,[],
,TXN-8b040f49,normal,False,[],
,TXN-79ec533c,normal,False,[],
,TXN-7bf69552,normal,False,[],
,TXN-c0afd193,normal,False,[],
,TXN-44f8b53c,normal,False,[],
,TXN-43d78f2b,normal,False,[],
,TXN-4b8c5bdc,normal,False,[],
,TXN-e7c225da,normal,False,[],
,TXN-adf75924,normal,False,[],
,TXN-330faaa3,normal,False,[],
,TXN-5b167158,normal,False,[],
,TXN-04015ced,normal,False,[],
,TXN-4b6797a1,normal,False,[],
,TXN-ce7334f2,normal,False,[],
,TXN-9dde0188,normal,False,[],
SCN-FANOUT-0006,TXN-cac8d87e,fan_out,True,"[""ACC-00014"", ""ACC-00050"", ""ACC-00065"", ""ACC-00076"", ""ACC-00040"", ""ACC-00022""]",ATM-ICICI-005
,TXN-b526b22d,normal,False,[],
,TXN-f2c84743,normal,False,[],
SCN-FANOUT-0006,TXN-059c1ba0,fan_out,True,"[""ACC-00014"", ""ACC-00050"", ""ACC-00065"", ""ACC-00076"", ""ACC-00040"", ""ACC-00022""]",ATM-ICICI-005
,TXN-4fc77768,normal,False,[],
,TXN-1758d47e,normal,False,[],
,TXN-ef145064,normal,False,[],
,TXN-c8ad0899,normal,False,[],
SCN-FANOUT-0005,TXN-e45a87e8,fan_out,True,"[""ACC-00041"", ""ACC-00082"", ""ACC-00008"", ""ACC-00001"", ""ACC-00058"", ""ACC-00036""]",ATM-SBI-024
,TXN-ad05b912,normal,False,[],
SCN-FANOUT-0005,TXN-9d4e8b5d,fan_out,True,"[""ACC-00041"", ""ACC-00082"", ""ACC-00008"", ""ACC-00001"", ""ACC-00058"", ""ACC-00036""]",ATM-SBI-024
,TXN-8c1c8b05,normal,False,[],
,TXN-da330aa1,normal,False,[],
,TXN-bddfa03a,normal,False,[],
,TXN-2a5fda18,normal,False,[],
,TXN-a2178f84,normal,False,[],
,TXN-b8f14e3c,normal,False,[],
,TXN-e5a4983b,normal,False,[],
,TXN-91816091,normal,False,[],
,TXN-a5769411,normal,False,[],
,TXN-ad9fb00d,normal,False,[],
,TXN-c5c5ae8a,normal,False,[],
SCN-FANIN-0003,TXN-f269921c,fan_in,True,"[""ACC-00093"", ""ACC-00004"", ""ACC-00084"", ""ACC-00064"", ""ACC-00038"", ""ACC-00034""]",ATM-PNB-045
,TXN-65001423,normal,False,[],
,TXN-f97be2dd,normal,False,[],
,TXN-5f4b1a97,normal,False,[],
,TXN-e5b4a1ae,normal,False,[],
,TXN-4d85a3d2,normal,False,[],
,TXN-ebc1bb52,normal,False,[],
SCN-FANOUT-0006,TXN-5bf7dda1,fan_out,True,"[""ACC-00014"", ""ACC-00050"", ""ACC-00065"", ""ACC-00076"", ""ACC-00040"", ""ACC-00022""]",ATM-ICICI-005
,TXN-84cfee39,normal,False,[],
,TXN-c5acc354,normal,False,[],
,TXN-850a48d4,normal,False,[],
,TXN-be4969ec,normal,False,[],
,TXN-5da8d6d2,normal,False,[],
SCN-FANIN-0001,TXN-ce1a1669,fan_in,True,"[""ACC-00004"", ""ACC-00050"", ""ACC-00007"", ""ACC-00021"", ""ACC-00074"", ""ACC-00100"", ""ACC-00028""]",ATM-AXIS-017
,TXN-0ed2ec9d,normal,False,[],
,TXN-28b26b1b,normal,False,[],
,TXN-683c510e,normal,False,[],
,TXN-ca00ef58,normal,False,[],
,TXN-d284f54e,normal,False,[],
,TXN-4459bd6e,normal,False,[],
SCN-FANOUT-0004,TXN-68c0cbef,fan_out,True,"[""ACC-00084"", ""ACC-00012"", ""ACC-00029"", ""ACC-00046"", ""ACC-00096"", ""ACC-00040"", ""ACC-00054""]",ATM-ICICI-038
,TXN-17abb863,normal,False,[],
SCN-FANIN-0003,TXN-d73418fe,fan_in,True,"[""ACC-00093"", ""ACC-00004"", ""ACC-00084"", ""ACC-00064"", ""ACC-00038"", ""ACC-00034""]",ATM-PNB-045
SCN-FANIN-0001,TXN-7779857f,fan_in,True,"[""ACC-00004"", ""ACC-00050"", ""ACC-00007"", ""ACC-00021"", ""ACC-00074"", ""ACC-00100"", ""ACC-00028""]",ATM-AXIS-017
,TXN-cc9803de,normal,False,[],
,TXN-94ad6252,normal,False,[],
,TXN-e0723d96,normal,False,[],
,TXN-56ce4b42,normal,False,[],
SCN-FANOUT-0004,TXN-0dd70158,fan_out,True,"[""ACC-00084"", ""ACC-00012"", ""ACC-00029"", ""ACC-00046"", ""ACC-00096"", ""ACC-00040"", ""ACC-00054""]",ATM-ICICI-038
,TXN-2b8c03bf,normal,False,[],
,TXN-b2a6e468,normal,False,[],
,TXN-4f6b58c8,normal,False,[],
,TXN-636f6e5c,normal,False,[],
,TXN-5c8ac066,normal,False,[],
SCN-LAYER-0007,TXN-0c5921f8,layering,True,"[""ACC-00049"", ""ACC-00082"", ""ACC-00033"", ""ACC-00099""]",ATM-ICICI-021
,TXN-24acb722,normal,False,[],
,TXN-96c044d0,normal,False,[],
,TXN-debac186,normal,False,[],
,TXN-2e183554,normal,False,[],
,TXN-c012a0ff,normal,False,[],
,TXN-439e754c,normal,False,[],
,TXN-e821e716,normal,False,[],
,TXN-3defa849,normal,False,[],
,TXN-7630a8a7,normal,False,[],
,TXN-0fe76149,normal,False,[],
SCN-LAYER-0008,TXN-6b382a0a,layering,True,"[""ACC-00089"", ""ACC-00088"", ""ACC-00081"", ""ACC-00002"", ""ACC-00039""]",ATM-PNB-045
,TXN-ac484366,normal,False,[],
,TXN-4a193501,normal,False,[],
,TXN-e550d736,normal,False,[],
,TXN-2ea9c542,normal,False,[],
,TXN-d1682e09,normal,False,[],
,TXN-331f63fb,normal,False,[],
SCN-FANIN-0002,TXN-a3fe0479,fan_in,True,"[""ACC-00066"", ""ACC-00085"", ""ACC-00048"", ""ACC-00072"", ""ACC-00083""]",ATM-HDFC-046
,TXN-d46ef104,normal,False,[],
,TXN-1cd66b09,normal,False,[],
,TXN-bc5fd4dd,normal,False,[],
,TXN-a29319fa,normal,False,[],
,TXN-f5e72daf,normal,False,[],
,TXN-b5cbe3f5,normal,False,[],
,TXN-c73f6e1b,normal,False,[],
,TXN-9a36d1ec,normal,False,[],
,TXN-5da49cb9,normal,False,[],
,TXN-0ad45230,normal,False,[],
,TXN-ab86bafd,normal,False,[],
,TXN-12af97e4,normal,False,[],
,TXN-ae62990c,normal,False,[],
,TXN-6ec01269,normal,False,[],
,TXN-ef4afa88,normal,False,[],
,TXN-f2f25eef,normal,False,[],
,TXN-9b4e164b,normal,False,[],
,TXN-4aa5f9d3,normal,False,[],
,TXN-cee4e512,normal,False,[],
SCN-FANIN-0003,TXN-20c0f275,fan_in,True,"[""ACC-00093"", ""ACC-00004"", ""ACC-00084"", ""ACC-00064"", ""ACC-00038"", ""ACC-00034""]",ATM-PNB-045
,TXN-d4d30795,normal,False,[],
,TXN-4eea9db8,normal,False,[],
,TXN-e42e5037,normal,False,[],
,TXN-6a7d5d96,normal,False,[],
,TXN-09a0a0f6,normal,False,[],
,TXN-379d58f9,normal,False,[],
,TXN-ead08c89,normal,False,[],
,TXN-90494583,normal,False,[],
,TXN-2a7dc57c,normal,False,[],
,TXN-750d112e,normal,False,[],
,TXN-7d3572cc,normal,False,[],
,TXN-66fba71d,normal,False,[],
SCN-FANOUT-0004,TXN-9565257b,fan_out,True,"[""ACC-00084"", ""ACC-00012"", ""ACC-00029"", ""ACC-00046"", ""ACC-00096"", ""ACC-00040"", ""ACC-00054""]",ATM-ICICI-038
,TXN-cff2b1c4,normal,False,[],
SCN-LAYER-0007,TXN-797209c0,layering,True,"[""ACC-00049"", ""ACC-00082"", ""ACC-00033"", ""ACC-00099""]",ATM-ICICI-021
,TXN-9ec4ea48,normal,False,[],
,TXN-6f75ee8a,normal,False,[],
,TXN-a2a2e91f,normal,False,[],
,TXN-2a1f1b61,normal,False,[],
,TXN-1beaf6ac,normal,False,[],
,TXN-7321bf6b,normal,False,[],
,TXN-68f82063,normal,False,[],
SCN-LAYER-0008,TXN-82f73861,layering,True,"[""ACC-00089"", ""ACC-00088"", ""ACC-00081"", ""ACC-00002"", ""ACC-00039""]",ATM-PNB-045
SCN-FANIN-0002,TXN-ae46024d,fan_in,True,"[""ACC-00066"", ""ACC-00085"", ""ACC-00048"", ""ACC-00072"", ""ACC-00083""]",ATM-HDFC-046
,TXN-d9af6e09,normal,False,[],
,TXN-e6b0da0a,normal,False,[],
,TXN-64988bde,normal,False,[],
SCN-LAYER-0009,TXN-262e5559,layering,True,"[""ACC-00100"", ""ACC-00034"", ""ACC-00067"", ""ACC-00026"", ""ACC-00046""]",ATM-SBI-042
,TXN-6118433b,normal,False,[],
,TXN-161237c9,normal,False,[],
,TXN-5683ede0,normal,False,[],
,TXN-ff4cc10f,normal,False,[],
,TXN-4970ed9a,normal,False,[],
,TXN-98159d6c,normal,False,[],
,TXN-23c97a1e,normal,False,[],
,TXN-ce4758be,normal,False,[],
,TXN-c77444cb,normal,False,[],
,TXN-31383975,normal,False,[],
,TXN-7580e050,normal,False,[],
,TXN-17dded81,normal,False,[],
,TXN-a43e558c,normal,False,[],
,TXN-f37fd50d,normal,False,[],
,TXN-144823f7,normal,False,[],
SCN-FANIN-0001,TXN-1a312044,fan_in,True,"[""ACC-00004"", ""ACC-00050"", ""ACC-00007"", ""ACC-00021"", ""ACC-00074"", ""ACC-00100"", ""ACC-00028""]",ATM-AXIS-017
,TXN-8567c805,normal,False,[],
,TXN-98eeac2b,normal,False,[],
,TXN-a7d4cf50,normal,False,[],
SCN-FANOUT-0005,TXN-010e4265,fan_out,True,"[""ACC-00041"", ""ACC-00082"", ""ACC-00008"", ""ACC-00001"", ""ACC-00058"", ""ACC-00036""]",ATM-SBI-024
,TXN-508850d3,normal,False,[],
,TXN-fd498e20,normal,False,[],
SCN-FANIN-0003,TXN-e8121ef0,fan_in,True,"[""ACC-00093"", ""ACC-00004"", ""ACC-00084"", ""ACC-00064"", ""ACC-00038"", ""ACC-00034""]",ATM-PNB-045
,TXN-3f59e4f2,normal,False,[],
SCN-FANOUT-0005,TXN-62210670,fan_out,True,"[""ACC-00041"", ""ACC-00082"", ""ACC-00008"", ""ACC-00001"", ""ACC-00058"", ""ACC-00036""]",ATM-SBI-024
,TXN-0d7bec04,normal,False,[],
,TXN-f8170ebf,normal,False,[],
,TXN-cb9faf6d,normal,False,[],
,TXN-73557b9d,normal,False,[],
,TXN-1747f387,normal,False,[],
,TXN-8991b01a,normal,False,[],
,TXN-ff46a6bf,normal,False,[],
,TXN-bdc2b74b,normal,False,[],
,TXN-ac0f6801,normal,False,[],
,TXN-ddf6d4ac,normal,False,[],
,TXN-b836c448,normal,False,[],
SCN-FANIN-0003,TXN-57d9cbb0,fan_in,True,"[""ACC-00093"", ""ACC-00004"", ""ACC-00084"", ""ACC-00064"", ""ACC-00038"", ""ACC-00034""]",ATM-PNB-045
,TXN-6d268b37,normal,False,[],
,TXN-56febfb9,normal,False,[],
,TXN-278ed00d,normal,False,[],
,TXN-95804c2a,normal,False,[],
,TXN-ce7607ad,normal,False,[],
,TXN-dd1d6cd1,normal,False,[],
,TXN-486bb6bf,normal,False,[],
,TXN-39c1e262,normal,False,[],
,TXN-f186e47a,normal,False,[],
,TXN-ffe3f366,normal,False,[],
,TXN-71f2ce8f,normal,False,[],
,TXN-b509109b,normal,False,[],
,TXN-c16d83ed,normal,False,[],
,TXN-9b33e3a4,normal,False,[],
,TXN-564cfbd2,normal,False,[],
,TXN-93f277cc,normal,False,[],
,TXN-0577aea9,normal,False,[],
,TXN-122dd7be,normal,False,[],
,TXN-5970a859,normal,False,[],
,TXN-b4746349,normal,False,[],
,TXN-b5578b00,normal,False,[],
SCN-TRIAD-0011,TXN-a9d1a28e,triadic,True,"[""ACC-00087"", ""ACC-00041"", ""ACC-00055""]",ATM-ICICI-005
,TXN-3a7e8e14,normal,False,[],
,TXN-e63949d4,normal,False,[],
,TXN-87a1ec02,normal,False,[],
,TXN-9194821e,normal,False,[],
,TXN-ae13591e,normal,False,[],
,TXN-7f14eafa,normal,False,[],
,TXN-d1403430,normal,False,[],
,TXN-0f6ce9bf,normal,False,[],
,TXN-d5b6de85,normal,False,[],
,TXN-3e0f84ce,normal,False,[],
,TXN-13eb22c9,normal,False,[],
,TXN-002c4c22,normal,False,[],
,TXN-3bdbc09e,normal,False,[],
,TXN-43b47ee5,normal,False,[],
,TXN-fef7d9ea,normal,False,[],
,TXN-9a72083c,normal,False,[],
,TXN-69b7c0fa,normal,False,[],
,TXN-9dd2f9de,normal,False,[],
,TXN-7cea2045,normal,False,[],
,TXN-fe2110d0,normal,False,[],
,TXN-25c61c45,normal,False,[],
,TXN-991965ea,normal,False,[],
,TXN-ea074d80,normal,False,[],
,TXN-54ce26be,normal,False,[],
,TXN-31d4ee09,normal,False,[],
,TXN-b0c58278,normal,False,[],
,TXN-f8f58a26,normal,False,[],
,TXN-9b792afa,normal,False,[],
,TXN-a43afb7a,normal,False,[],
,TXN-837217e0,normal,False,[],
,TXN-f966d59f,normal,False,[],
,TXN-905f9096,normal,False,[],
,TXN-fb4fb88a,normal,False,[],
,TXN-a8149562,normal,False,[],
,TXN-ead18464,normal,False,[],
,TXN-f7ff88d4,normal,False,[],
,TXN-55ab946d,normal,False,[],
,TXN-a77d95f1,normal,False,[],
,TXN-5037cd6b,normal,False,[],
,TXN-de95d695,normal,False,[],
,TXN-dfa59722,normal,False,[],
SCN-FANIN-0001,TXN-dd58631b,fan_in,True,"[""ACC-00004"", ""ACC-00050"", ""ACC-00007"", ""ACC-00021"", ""ACC-00074"", ""ACC-00100"", ""ACC-00028""]",ATM-AXIS-017
,TXN-861b4f5b,normal,False,[],
,TXN-3b8d3447,normal,False,[],
,TXN-996d5c50,normal,False,[],
,TXN-3f8ea40a,normal,False,[],
,TXN-da509fed,normal,False,[],
SCN-LAYER-0008,TXN-485f7888,layering,True,"[""ACC-00089"", ""ACC-00088"", ""ACC-00081"", ""ACC-00002"", ""ACC-00039""]",ATM-PNB-045
,TXN-e61ede90,normal,False,[],
,TXN-88d00abd,normal,False,[],
,TXN-27046f25,normal,False,[],
,TXN-56ab087a,normal,False,[],
,TXN-2ff3cde4,normal,False,[],
,TXN-b139c476,normal,False,[],
,TXN-dac726b6,normal,False,[],
,TXN-efb3b939,normal,False,[],
,TXN-a3607681,normal,False,[],
,TXN-956d80e4,normal,False,[],
,TXN-7129cec7,normal,False,[],
,TXN-4cde1b6b,normal,False,[],
,TXN-92a54d04,normal,False,[],
SCN-FANOUT-0004,TXN-a18b5d15,fan_out,True,"[""ACC-00084"", ""ACC-00012"", ""ACC-00029"", ""ACC-00046"", ""ACC-00096"", ""ACC-00040"", ""ACC-00054""]",ATM-ICICI-038
,TXN-0986bbeb,normal,False,[],
,TXN-8a4b8f7c,normal,False,[],
,TXN-f69777a1,normal,False,[],
,TXN-b5a1b949,normal,False,[],
SCN-LAYER-0008,TXN-7f6bd3c6,layering,True,"[""ACC-00089"", ""ACC-00088"", ""ACC-00081"", ""ACC-00002"", ""ACC-00039""]",ATM-PNB-045
,TXN-fcd6bdca,normal,False,[],
,TXN-8fe069b6,normal,False,[],
,TXN-fdde64af,normal,False,[],
,TXN-5c11ab6d,normal,False,[],
,TXN-f80b2cea,normal,False,[],
SCN-FANOUT-0005,TXN-4fe54745,fan_out,True,"[""ACC-00041"", ""ACC-00082"", ""ACC-00008"", ""ACC-00001"", ""ACC-00058"", ""ACC-00036""]",ATM-SBI-024
,TXN-d6f89f7a,normal,False,[],
,TXN-741b77f5,normal,False,[],
,TXN-8fc9c86b,normal,False,[],
,TXN-e0688849,normal,False,[],
SCN-FANOUT-0004,TXN-801f4909,fan_out,True,"[""ACC-00084"", ""ACC-00012"", ""ACC-00029"", ""ACC-00046"", ""ACC-00096"", ""ACC-00040"", ""ACC-00054""]",ATM-ICICI-038
,TXN-397b5f51,normal,False,[],
SCN-FANOUT-0004,TXN-50fe8199,fan_out,True,"[""ACC-00084"", ""ACC-00012"", ""ACC-00029"", ""ACC-00046"", ""ACC-00096"", ""ACC-00040"", ""ACC-00054""]",ATM-ICICI-038
,TXN-4e8bf78a,normal,False,[],
,TXN-f4e559e5,normal,False,[],
,TXN-5da36f1b,normal,False,[],
,TXN-2fe922aa,normal,False,[],
,TXN-8e969227,normal,False,[],
,TXN-d42cb1ae,normal,False,[],
,TXN-b27b7bb4,normal,False,[],
,TXN-857dd3b3,normal,False,[],
,TXN-0e5d8c6a,normal,False,[],
,TXN-e03635fc,normal,False,[],
,TXN-0c3ce284,normal,False,[],
,TXN-c122b5b3,normal,False,[],
,TXN-0308aa5e,normal,False,[],
,TXN-4b8c031f,normal,False,[],
,TXN-ec9f9c54,normal,False,[],
,TXN-ca3c6f5f,normal,False,[],
,TXN-19bad7ae,normal,False,[],
,TXN-d2c2a960,normal,False,[],
,TXN-4347dbca,normal,False,[],
,TXN-88b4f474,normal,False,[],
,TXN-a867a096,normal,False,[],
,TXN-aa448259,normal,False,[],
,TXN-44cdbfdd,normal,False,[],
,TXN-7e4ce29f,normal,False,[],
,TXN-81e03a5e,normal,False,[],
,TXN-3e00980e,normal,False,[],
,TXN-a2a9d4d8,normal,False,[],
,TXN-eb9ed274,normal,False,[],
,TXN-6f5b09a6,normal,False,[],
,TXN-0779250a,normal,False,[],
,TXN-24d38751,normal,False,[],
,TXN-b99b2b5a,normal,False,[],
,TXN-753659ef,normal,False,[],
,TXN-c696f5e6,normal,False,[],
,TXN-0a4e2552,normal,False,[],
,TXN-35ba9357,normal,False,[],
,TXN-8baaf744,normal,False,[],
,TXN-bc36dc59,normal,False,[],
,TXN-33e4f986,normal,False,[],
SCN-FANOUT-0006,TXN-6f04af36,fan_out,True,"[""ACC-00014"", ""ACC-00050"", ""ACC-00065"", ""ACC-00076"", ""ACC-00040"", ""ACC-00022""]",ATM-ICICI-005
,TXN-e1721c83,normal,False,[],
,TXN-ded7d3ef,normal,False,[],
,TXN-58321ee4,normal,False,[],
,TXN-ea75752d,normal,False,[],
,TXN-0e3141ec,normal,False,[],
,TXN-d2c65ee4,normal,False,[],
,TXN-23d3cd4c,normal,False,[],
,TXN-9d5817e8,normal,False,[],
,TXN-b423ccde,normal,False,[],
,TXN-4b1a269b,normal,False,[],
SCN-LAYER-0009,TXN-b02e21aa,layering,True,"[""ACC-00100"", ""ACC-00034"", ""ACC-00067"", ""ACC-00026"", ""ACC-00046""]",ATM-SBI-042
,TXN-2d79a2d1,normal,False,[],
,TXN-4ac66780,normal,False,[],
,TXN-03254fbd,normal,False,[],
,TXN-abd2b512,normal,False,[],
,TXN-eb04159c,normal,False,[],
,TXN-beed0af9,normal,False,[],
SCN-FANOUT-0006,TXN-04e55bd5,fan_out,True,"[""ACC-00014"", ""ACC-00050"", ""ACC-00065"", ""ACC-00076"", ""ACC-00040"", ""ACC-00022""]",ATM-ICICI-005
,TXN-61a66444,normal,False,[],
,TXN-cf133b65,normal,False,[],
,TXN-7227890e,normal,False,[],
,TXN-5dc7b3e6,normal,False,[],
,TXN-6a74dbb7,normal,False,[],
,TXN-8e676a01,normal,False,[],
,TXN-8d55119e,normal,False,[],
,TXN-6cd6f011,normal,False,[],
,TXN-2b1ac76c,normal,False,[],
,TXN-7d97ac0f,normal,False,[],
,TXN-4bb907ec,normal,False,[],
,TXN-ccd015c1,normal,False,[],
,TXN-6bc4123e,normal,False,[],
,TXN-82c56b21,normal,False,[],
,TXN-1c76bdf6,normal,False,[],
,TXN-248d31ec,normal,False,[],
,TXN-31f3f0c0,normal,False,[],
,TXN-ab7a3d1c,normal,False,[],
,TXN-afa415e5,normal,False,[],
,TXN-0ec7d662,normal,False,[],
,TXN-c2efeecb,normal,False,[],
,TXN-b1ac040d,normal,False,[],
,TXN-2a9528c3,normal,False,[],
,TXN-7a768555,normal,False,[],
,TXN-0594b24f,normal,False,[],
SCN-TRIAD-0011,TXN-e0e3c5ce,triadic,True,"[""ACC-00087"", ""ACC-00041"", ""ACC-00055""]",ATM-ICICI-005
,TXN-48454343,normal,False,[],
,TXN-479d0cda,normal,False,[],
,TXN-ca0ee8c4,normal,False,[],
,TXN-a55990e7,normal,False,[],
,TXN-606e0e1c,normal,False,[],
,TXN-6a18e5af,normal,False,[],
,TXN-af77520e,normal,False,[],
SCN-LAYER-0007,TXN-71be94c3,layering,True,"[""ACC-00049"", ""ACC-00082"", ""ACC-00033"", ""ACC-00099""]",ATM-ICICI-021
,TXN-44d7df9a,normal,False,[],
,TXN-74503887,normal,False,[],
,TXN-ff574e2b,normal,False,[],
,TXN-a6b07458,normal,False,[],
,TXN-999a1d86,normal,False,[],
,TXN-09a9d1c1,normal,False,[],
,TXN-76c5a0dc,normal,False,[],
,TXN-7318b96d,normal,False,[],
,TXN-bb93cd40,normal,False,[],
,TXN-d3479a3b,normal,False,[],
,TXN-9ea9f508,normal,False,[],
,TXN-bfbf397b,normal,False,[],
,TXN-df495037,normal,False,[],
,TXN-f296d9f0,normal,False,[],
,TXN-a39c9ec6,normal,False,[],
,TXN-44c07a9a,normal,False,[],
,TXN-ef2ddcc4,normal,False,[],
,TXN-9f708368,normal,False,[],
,TXN-10d08d11,normal,False,[],
,TXN-ef69a980,normal,False,[],
,TXN-597e6845,normal,False,[],
,TXN-1901ef87,normal,False,[],
,TXN-2ba6adb3,normal,False,[],
,TXN-630aa767,normal,False,[],
,TXN-0cb4e891,normal,False,[],
,TXN-ec4e8cbb,normal,False,[],
,TXN-a0d572c8,normal,False,[],
,TXN-a65be22b,normal,False,[],
SCN-TRIAD-0011,TXN-5b86ea69,triadic,True,"[""ACC-00087"", ""ACC-00041"", ""ACC-00055""]",ATM-ICICI-005
,TXN-fc48f615,normal,False,[],
,TXN-0df83e12,normal,False,[],
,TXN-1b0ae22e,normal,False,[],
,TXN-dc3bbdd8,normal,False,[],
SCN-LAYER-0009,TXN-3c088990,layering,True,"[""ACC-00100"", ""ACC-00034"", ""ACC-00067"", ""ACC-00026"", ""ACC-00046""]",ATM-SBI-042
,TXN-59b9222c,normal,False,[],
,TXN-f7b02805,normal,False,[],
,TXN-55c3b2db,normal,False,[],
,TXN-4758367b,normal,False,[],
,TXN-3508507a,normal,False,[],
,TXN-d4b3e8cf,normal,False,[],
,TXN-db842660,normal,False,[],
,TXN-0b36e356,normal,False,[],
,TXN-9780c215,normal,False,[],
SCN-LAYER-0009,TXN-e8294a67,layering,True,"[""ACC-00100"", ""ACC-00034"", ""ACC-00067"", ""ACC-00026"", ""ACC-00046""]",ATM-SBI-042
,TXN-e9af299d,normal,False,[],
,TXN-196f4dfa,normal,False,[],
,TXN-600b4b35,normal,False,[],
,TXN-58ab4778,normal,False,[],
,TXN-e9fa97e2,normal,False,[],
SCN-FANIN-0001,TXN-6c7e9a2c,fan_in,True,"[""ACC-00004"", ""ACC-00050"", ""ACC-00007"", ""ACC-00021"", ""ACC-00074"", ""ACC-00100"", ""ACC-00028""]",ATM-AXIS-017
,TXN-eab9eb02,normal,False,[],
,TXN-abdd1a8f,normal,False,[],
,TXN-937bf79b,normal,False,[],
,TXN-7421ff46,normal,False,[],
,TXN-b9744cde,normal,False,[],
,TXN-059c1574,normal,False,[],
,TXN-b56ff8ce,normal,False,[],
,TXN-22ee7f07,normal,False,[],
SCN-FANIN-0002,TXN-ce30a61d,fan_in,True,"[""ACC-00066"", ""ACC-00085"", ""ACC-00048"", ""ACC-00072"", ""ACC-00083""]",ATM-HDFC-046
SCN-FANIN-0002,TXN-4c7d9313,fan_in,True,"[""ACC-00066"", ""ACC-00085"", ""ACC-00048"", ""ACC-00072"", ""ACC-00083""]",ATM-HDFC-046
SCN-FANIN-0001,TXN-a5ba2472,fan_in,True,"[""ACC-00004"", ""ACC-00050"", ""ACC-00007"", ""ACC-00021"", ""ACC-00074"", ""ACC-00100"", ""ACC-00028""]",ATM-AXIS-017
,TXN-34ae4abd,normal,False,[],
,TXN-5c63b6f3,normal,False,[],
,TXN-2f12b150,normal,False,[],
SCN-TRIAD-0010,TXN-d02c75f9,triadic,True,"[""ACC-00100"", ""ACC-00066"", ""ACC-00010""]",ATM-BOI-012
,TXN-50647c59,normal,False,[],
,TXN-924cde09,normal,False,[],
,TXN-5f3c44dc,normal,False,[],
SCN-TRIAD-0010,TXN-439db29d,triadic,True,"[""ACC-00100"", ""ACC-00066"", ""ACC-00010""]",ATM-BOI-012
,TXN-0bc2ea72,normal,False,[],
,TXN-85c7f3be,normal,False,[],
,TXN-90ce82e8,normal,False,[],
SCN-TRIAD-0010,TXN-da2cf852,triadic,True,"[""ACC-00100"", ""ACC-00066"", ""ACC-00010""]",ATM-BOI-012
,TXN-92ebeab0,normal,False,[],
