transaction_id,source_account_id,target_account_id,amount_inr,timestamp,payment_channel,device_fingerprint,balance_before,balance_after
TXN-b1a8b71f,ACC-00100,ACC-00034,148.34,2026-09-01T14:41:06Z,UPI,DEV-8DF8543C4F,4353.08,4204.74
TXN-ffd6f232,ACC-00082,ACC-00055,145.89,2026-09-01T07:15:03Z,UPI,DEV-BBA11401FC,1633.86,1487.97
TXN-2179e3f0,ACC-00092,ACC-00041,154.39,2026-09-01T23:24:32Z,NEFT,DEV-727A71FC4C,176558.63,176404.24
TXN-fbff8a7d,ACC-00080,ACC-00019,103.69,2026-09-01T04:08:56Z,IMPS,DEV-7E586DD1A5,112667.17,112563.48
TXN-e346f415,ACC-00060,ACC-00040,105.08,2026-09-01T22:09:16Z,IMPS,DEV-DE9FCD54A9,71284.58,71179.5
TXN-8b040f49,ACC-00006,ACC-00041,275.16,2026-09-01T23:44:20Z,UPI,DEV-18FA41EA65,37966.64,37691.48
TXN-79ec533c,ACC-00069,ACC-00088,203.29,2026-09-01T21:09:34Z,UPI,DEV-EF352029A3,183015.77,182812.48
TXN-7bf69552,ACC-00064,ACC-00019,101.85,2026-09-01T10:06:23Z,UPI,DEV-3D6939DBD6,3266.65,3164.8
TXN-c0afd193,ACC-00006,ACC-00073,540.73,2026-09-01T09:35:26Z,IMPS,DEV-18FA41EA65,38164.04,37623.31
TXN-44f8b53c,ACC-00018,ACC-00039,431.58,2026-09-01T19:49:11Z,UPI,DEV-98D1235663,175482.92,175051.34
TXN-43d78f2b,ACC-00069,ACC-00046,370.12,2026-09-01T07:23:57Z,UPI,DEV-EF352029A3,183163.18,182793.06
TXN-4b8c5bdc,ACC-00057,ACC-00005,130.92,2026-09-01T02:09:47Z,IMPS,DEV-0299442EF6,43571.26,43440.34
TXN-e7c225da,ACC-00067,ACC-00016,110.25,2026-09-01T06:32:49Z,IMPS,DEV-2E4B04D169,3243.11,3132.86
TXN-adf75924,ACC-00089,ACC-00074,107.44,2026-09-01T11:06:48Z,UPI,DEV-920B5DC481,120103.01,119995.57
TXN-330faaa3,ACC-00071,ACC-00062,101.78,2026-09-01T03:17:37Z,UPI,DEV-76E2B4F414,25408.01,25306.23
TXN-5b167158,ACC-00004,ACC-00082,109.7,2026-09-01T11:46:28Z,AEPS,DEV-C95444F125,3722.54,3612.84
TXN-04015ced,ACC-00005,ACC-00085,117.62,2026-09-01T21:12:36Z,IMPS,DEV-208AE78D36,87549.98,87432.36
TXN-4b6797a1,ACC-00071,ACC-00063,104.85,2026-09-01T10:15:45Z,UPI,DEV-76E2B4F414,25470.83,25365.98
TXN-ce7334f2,ACC-00003,ACC-00068,121.75,2026-09-01T14:44:21Z,UPI,DEV-C18365046B,94431.47,94309.72
TXN-9dde0188,ACC-00047,ACC-00033,298.53,2026-09-01T11:53:57Z,IMPS,DEV-D8489675DB,154944.73,154646.2
TXN-cac8d87e,ACC-00014,ACC-00022,1177.92,2026-09-01T07:12:21Z,AEPS,DEV-SHARED-SCN-FANOUT-0006,9864.97,8687.05
TXN-b526b22d,ACC-00044,ACC-00092,102.51,2026-09-01T00:56:21Z,IMPS,DEV-2F0B2FE1FF,94063.06,93960.55
TXN-f2c84743,ACC-00091,ACC-00090,113.61,2026-09-01T03:24:37Z,IMPS,DEV-F920B9B421,180120.1,180006.49
TXN-059c1ba0,ACC-00014,ACC-00040,1049.15,2026-09-01T07:10:33Z,AEPS,DEV-SHARED-SCN-FANOUT-0006,12329.6,11280.45
TXN-4fc77768,ACC-00068,ACC-00028,114.99,2026-09-01T03:46:40Z,UPI,DEV-2A052F606B,185514.25,185399.26
TXN-1758d47e,ACC-00081,ACC-00040,152.64,2026-09-01T10:18:05Z,IMPS,DEV-76C20C7DD6,4066.29,3913.65
TXN-ef145064,ACC-00028,ACC-00065,120.12,2026-09-01T15:18:19Z,UPI,DEV-A3FDD158A7,6264.22,6144.1
TXN-c8ad0899,ACC-00032,ACC-00092,102.17,2026-09-01T09:07:11Z,UPI,DEV-0EA34E9649,60022.47,59920.3
TXN-e45a87e8,ACC-00041,ACC-00001,1698.86,2026-09-01T13:49:51Z,UPI,DEV-SHARED-SCN-FANOUT-0005,12295.17,10596.31
TXN-ad05b912,ACC-00041,ACC-00023,120.39,2026-09-01T13:06:38Z,UPI,DEV-B8111BE1FE,12415.56,12295.17
TXN-9d4e8b5d,ACC-00041,ACC-00082,1870.97,2026-09-01T13:50:38Z,UPI,DEV-SHARED-SCN-FANOUT-0005,10596.31,8725.34
TXN-8c1c8b05,ACC-00055,ACC-00028,123.06,2026-09-01T06:48:22Z,UPI,DEV-5E649FD6C8,4274.36,4151.3
TXN-da330aa1,ACC-00044,ACC-00080,146.31,2026-09-01T20:26:32Z,IMPS,DEV-2F0B2FE1FF,94544.86,94398.55
TXN-bddfa03a,ACC-00056,ACC-00015,119.94,2026-09-01T07:25:22Z,IMPS,DEV-A1317091FF,85322.83,85202.89
TXN-2a5fda18,ACC-00084,ACC-00047,108.68,2026-09-01T21:41:28Z,UPI,DEV-AB400BD111,4915.86,4807.18
TXN-a2178f84,ACC-00024,ACC-00019,129.53,2026-09-01T03:24:17Z,UPI,DEV-32B658646C,99105.82,98976.29
TXN-b8f14e3c,ACC-00068,ACC-00073,100.24,2026-09-01T10:33:44Z,IMPS,DEV-2A052F606B,185519.85,185419.61
TXN-e5a4983b,ACC-00073,ACC-00087,159.79,2026-09-01T20:32:51Z,UPI,DEV-DCCC3DB7A7,177713.08,177553.29
TXN-91816091,ACC-00002,ACC-00047,276.21,2026-09-01T20:39:34Z,UPI,DEV-C1BD62648C,2397.41,2121.2
TXN-a5769411,ACC-00085,ACC-00088,187.6,2026-09-01T21:40:54Z,IMPS,DEV-1C4FC6D8B0,5114.63,4927.03
TXN-ad9fb00d,ACC-00028,ACC-00097,124.51,2026-09-01T02:39:40Z,UPI,DEV-A3FDD158A7,5874.22,5749.71
TXN-c5c5ae8a,ACC-00029,ACC-00069,110.42,2026-09-01T13:34:32Z,IMPS,DEV-25FE0B6891,4087.07,3976.65
TXN-f269921c,ACC-00034,ACC-00093,1363.04,2026-09-01T09:44:50Z,UPI,DEV-SHARED-SCN-FANIN-0003,22173.97,20810.93
TXN-65001423,ACC-00037,ACC-00016,130.27,2026-09-01T21:29:53Z,UPI,DEV-6E85FA4021,66889.86,66759.59
TXN-f97be2dd,ACC-00098,ACC-00036,130.34,2026-09-01T20:17:01Z,NEFT,DEV-48DDB66258,17276.67,17146.33
TXN-5f4b1a97,ACC-00008,ACC-00100,524.23,2026-09-01T19:46:05Z,UPI,DEV-2CEC864A6E,5668.31,5144.08
TXN-e5b4a1ae,ACC-00008,ACC-00019,149.77,2026-09-01T22:06:38Z,UPI,DEV-2CEC864A6E,5144.08,4994.31
TXN-4d85a3d2,ACC-00081,ACC-00041,104.76,2026-09-01T10:36:46Z,UPI,DEV-76C20C7DD6,4019.65,3914.89
TXN-ebc1bb52,ACC-00069,ACC-00079,104.82,2026-09-01T01:53:47Z,UPI,DEV-EF352029A3,183167.77,183062.95
TXN-5bf7dda1,ACC-00014,ACC-00065,1161.42,2026-09-01T07:13:51Z,IMPS,DEV-SHARED-SCN-FANOUT-0006,5753.06,4591.64
TXN-84cfee39,ACC-00056,ACC-00014,100.3,2026-09-01T12:15:22Z,UPI,DEV-A1317091FF,85004.81,84904.51
TXN-c5acc354,ACC-00049,ACC-00056,106.05,2026-09-01T09:07:18Z,IMPS,DEV-8759D38667,187360.07,187254.02
TXN-850a48d4,ACC-00012,ACC-00050,128.54,2026-09-01T20:33:32Z,IMPS,DEV-0E05DCD75A,5480.79,5352.25
TXN-be4969ec,ACC-00043,ACC-00035,103.83,2026-09-01T21:20:51Z,UPI,DEV-1AE5D1DD8F,114758.68,114654.85
TXN-5da8d6d2,ACC-00054,ACC-00023,106.63,2026-09-01T21:02:06Z,IMPS,DEV-A5C4F5981D,4611.64,4505.01
TXN-ce1a1669,ACC-00021,ACC-00004,1091.98,2026-09-01T15:32:44Z,AEPS,DEV-SHARED-SCN-FANIN-0001,5483.07,4391.09
TXN-0ed2ec9d,ACC-00009,ACC-00040,147.36,2026-09-01T20:18:54Z,IMPS,DEV-C54B36F801,182836.58,182689.22
TXN-28b26b1b,ACC-00098,ACC-00067,203.48,2026-09-01T12:21:59Z,NEFT,DEV-48DDB66258,17738.92,17535.44
TXN-683c510e,ACC-00078,ACC-00083,102.67,2026-09-01T21:55:20Z,UPI,DEV-34BF887C18,122773.41,122670.74
TXN-ca00ef58,ACC-00082,ACC-00039,108.32,2026-09-01T17:09:56Z,IMPS,DEV-BBA11401FC,17694.34,17586.02
TXN-d284f54e,ACC-00035,ACC-00011,152.87,2026-09-01T14:27:31Z,UPI,DEV-1AC0F9689B,91899.77,91746.9
TXN-4459bd6e,ACC-00042,ACC-00032,100.19,2026-09-01T10:43:17Z,UPI,DEV-6114213E53,129755.01,129654.82
TXN-68c0cbef,ACC-00084,ACC-00096,13376.0,2026-09-01T06:19:33Z,IMPS,DEV-SHARED-SCN-FANOUT-0004,28640.13,15264.13
TXN-17abb863,ACC-00027,ACC-00043,139.13,2026-09-01T20:19:52Z,RTGS,DEV-1A5F82C45F,124768.95,124629.82
TXN-d73418fe,ACC-00064,ACC-00093,1134.33,2026-09-01T09:45:26Z,UPI,DEV-SHARED-SCN-FANIN-0003,4400.98,3266.65
TXN-7779857f,ACC-00100,ACC-00004,1253.07,2026-09-01T15:34:54Z,UPI,DEV-SHARED-SCN-FANIN-0001,4060.76,2807.69
TXN-cc9803de,ACC-00074,ACC-00084,160.04,2026-09-01T10:49:51Z,UPI,DEV-2ED5725354,5114.72,4954.68
TXN-94ad6252,ACC-00053,ACC-00090,225.42,2026-09-01T17:56:58Z,UPI,DEV-D4786F0CE5,78298.55,78073.13
TXN-e0723d96,ACC-00064,ACC-00024,281.48,2026-09-01T22:13:29Z,AEPS,DEV-3D6939DBD6,3310.2,3028.72
TXN-56ce4b42,ACC-00016,ACC-00017,438.87,2026-09-01T19:04:39Z,UPI,DEV-02F51430D7,91437.71,90998.84
TXN-0dd70158,ACC-00084,ACC-00046,1326.94,2026-09-01T06:15:48Z,IMPS,DEV-SHARED-SCN-FANOUT-0004,33525.54,32198.6
TXN-2b8c03bf,ACC-00038,ACC-00003,111.88,2026-09-01T01:46:50Z,AEPS,DEV-463950C04C,5693.85,5581.97
TXN-b2a6e468,ACC-00093,ACC-00036,126.58,2026-09-01T12:03:11Z,UPI,DEV-B3D2DB948C,22731.88,22605.3
TXN-4f6b58c8,ACC-00020,ACC-00043,102.42,2026-09-01T22:00:06Z,IMPS,DEV-74D3C90A37,48779.48,48677.06
TXN-636f6e5c,ACC-00008,ACC-00072,117.2,2026-09-01T12:43:11Z,UPI,DEV-2CEC864A6E,4661.75,4544.55
TXN-5c8ac066,ACC-00021,ACC-00092,149.37,2026-09-01T04:10:41Z,IMPS,DEV-D604B88A3C,5616.52,5467.15
TXN-0c5921f8,ACC-00049,ACC-00082,94140.08,2026-09-01T14:15:15Z,UPI,DEV-8759D38667,187383.91,93243.83
TXN-24acb722,ACC-00077,ACC-00099,142.97,2026-09-01T07:14:32Z,UPI,DEV-BFC4D22065,162334.42,162191.45
TXN-96c044d0,ACC-00089,ACC-00047,102.63,2026-09-01T05:50:22Z,NEFT,DEV-920B5DC481,120067.6,119964.97
TXN-debac186,ACC-00055,ACC-00022,145.8,2026-09-01T01:00:59Z,UPI,DEV-3F2C07540E,4402.98,4257.18
TXN-2e183554,ACC-00056,ACC-00019,108.41,2026-09-01T16:21:47Z,UPI,DEV-A1317091FF,84904.51,84796.1
TXN-c012a0ff,ACC-00043,ACC-00086,103.76,2026-09-01T15:58:05Z,UPI,DEV-1AE5D1DD8F,115078.93,114975.17
TXN-439e754c,ACC-00013,ACC-00037,203.67,2026-09-01T21:04:10Z,NEFT,DEV-C77687556A,177209.56,177005.89
TXN-e821e716,ACC-00054,ACC-00048,828.48,2026-09-01T20:52:15Z,UPI,DEV-A5C4F5981D,5440.12,4611.64
TXN-3defa849,ACC-00015,ACC-00064,132.81,2026-09-01T12:22:08Z,UPI,DEV-D9A683533A,100716.89,100584.08
TXN-7630a8a7,ACC-00061,ACC-00025,114.51,2026-09-01T23:37:35Z,AEPS,DEV-799F526720,14182.08,14067.57
TXN-0fe76149,ACC-00093,ACC-00074,100.32,2026-09-01T16:37:35Z,IMPS,DEV-B3D2DB948C,22466.65,22366.33
TXN-6b382a0a,ACC-00089,ACC-00088,1116.71,2026-09-01T15:52:47Z,UPI,DEV-920B5DC481,120109.12,118992.41
TXN-ac484366,ACC-00038,ACC-00089,102.03,2026-09-01T19:04:51Z,NEFT,DEV-463950C04C,3879.18,3777.15
TXN-4a193501,ACC-00027,ACC-00039,301.3,2026-09-01T18:20:23Z,IMPS,DEV-1A5F82C45F,125070.25,124768.95
TXN-e550d736,ACC-00050,ACC-00035,105.82,2026-09-01T05:15:23Z,UPI,DEV-FB6B01A65F,4033.31,3927.49
TXN-2ea9c542,ACC-00023,ACC-00100,144.94,2026-09-01T11:29:05Z,AEPS,DEV-2D1CEFA38E,89785.66,89640.72
TXN-d1682e09,ACC-00083,ACC-00008,125.52,2026-09-01T01:47:02Z,NEFT,DEV-3064F90A19,5605.64,5480.12
TXN-331f63fb,ACC-00100,ACC-00049,123.73,2026-09-01T03:53:21Z,UPI,DEV-8852AC792A,125731.45,125607.72
TXN-a3fe0479,ACC-00085,ACC-00066,92342.36,2026-09-01T14:37:55Z,IMPS,DEV-SHARED-SCN-FANIN-0002,97374.76,5032.4
TXN-d46ef104,ACC-00043,ACC-00032,657.0,2026-09-01T04:55:29Z,IMPS,DEV-1AE5D1DD8F,115735.93,115078.93
TXN-1cd66b09,ACC-00064,ACC-00018,194.01,2026-09-01T04:37:38Z,UPI,DEV-3D6939DBD6,4347.23,4153.22
TXN-bc5fd4dd,ACC-00053,ACC-00065,164.51,2026-09-01T20:56:51Z,RTGS,DEV-D4786F0CE5,78073.13,77908.62
TXN-a29319fa,ACC-00045,ACC-00067,224.82,2026-09-01T06:00:52Z,NEFT,DEV-AD167FC42E,166160.46,165935.64
TXN-f5e72daf,ACC-00091,ACC-00019,164.34,2026-09-01T20:39:21Z,NEFT,DEV-F920B9B421,179705.07,179540.73
TXN-b5cbe3f5,ACC-00072,ACC-00065,140.03,2026-09-01T11:48:05Z,UPI,DEV-19FCC441A7,4232.94,4092.91
TXN-c73f6e1b,ACC-00003,ACC-00085,116.15,2026-09-01T20:45:41Z,UPI,DEV-C18365046B,94141.19,94025.04
TXN-9a36d1ec,ACC-00083,ACC-00019,108.08,2026-09-01T04:44:04Z,UPI,DEV-3064F90A19,5351.73,5243.65
TXN-5da49cb9,ACC-00091,ACC-00009,130.68,2026-09-01T12:53:07Z,IMPS,DEV-F920B9B421,179773.73,179643.05
TXN-0ad45230,ACC-00072,ACC-00086,174.42,2026-09-01T20:40:56Z,UPI,DEV-19FCC441A7,3365.83,3191.41
TXN-ab86bafd,ACC-00041,ACC-00022,137.69,2026-09-01T19:43:11Z,AEPS,DEV-B8111BE1FE,4961.74,4824.05
TXN-12af97e4,ACC-00070,ACC-00088,105.56,2026-09-01T23:41:48Z,UPI,DEV-D7DBADD024,39206.55,39100.99
TXN-ae62990c,ACC-00030,ACC-00007,103.02,2026-09-01T11:20:15Z,UPI,DEV-B194F43891,37624.59,37521.57
TXN-6ec01269,ACC-00100,ACC-00071,138.17,2026-09-01T23:11:25Z,UPI,DEV-8852AC792A,3276.3,3138.13
TXN-ef4afa88,ACC-00008,ACC-00016,125.01,2026-09-01T03:53:13Z,UPI,DEV-2CEC864A6E,4496.87,4371.86
TXN-f2f25eef,ACC-00083,ACC-00046,101.77,2026-09-01T23:14:13Z,UPI,DEV-3064F90A19,3731.72,3629.95
TXN-9b4e164b,ACC-00008,ACC-00021,118.98,2026-09-01T04:53:47Z,UPI,DEV-2CEC864A6E,4371.86,4252.88
TXN-4aa5f9d3,ACC-00040,ACC-00042,102.57,2026-09-01T08:51:14Z,UPI,DEV-19026D8F13,14494.42,14391.85
TXN-cee4e512,ACC-00020,ACC-00097,146.97,2026-09-01T16:02:07Z,UPI,DEV-49B2AB17AA,49296.49,49149.52
TXN-20c0f275,ACC-00038,ACC-00093,1130.49,2026-09-01T09:44:35Z,IMPS,DEV-SHARED-SCN-FANIN-0003,5362.15,4231.66
TXN-d4d30795,ACC-00099,ACC-00080,104.06,2026-09-01T03:53:38Z,UPI,DEV-7B8A0DD569,2901.69,2797.63
TXN-4eea9db8,ACC-00095,ACC-00050,111.78,2026-09-01T00:07:28Z,UPI,DEV-2C4E326570,16263.33,16151.55
TXN-e42e5037,ACC-00041,ACC-00086,113.38,2026-09-01T13:00:43Z,UPI,DEV-B8111BE1FE,12528.94,12415.56
TXN-6a7d5d96,ACC-00065,ACC-00020,113.25,2026-09-01T02:30:33Z,UPI,DEV-7762282CB6,4941.36,4828.11
TXN-09a0a0f6,ACC-00076,ACC-00008,113.63,2026-09-01T11:04:54Z,UPI,DEV-4FF7EB8E9E,5025.47,4911.84
TXN-379d58f9,ACC-00096,ACC-00020,253.26,2026-09-01T10:37:01Z,IMPS,DEV-8192ACBACB,18189.8,17936.54
TXN-ead08c89,ACC-00077,ACC-00011,125.66,2026-09-01T08:40:58Z,UPI,DEV-1CE1CD847E,162191.45,162065.79
TXN-90494583,ACC-00085,ACC-00080,151.54,2026-09-01T20:13:14Z,IMPS,DEV-1C4FC6D8B0,5032.4,4880.86
TXN-2a7dc57c,ACC-00076,ACC-00089,113.55,2026-09-01T15:11:11Z,IMPS,DEV-4FF7EB8E9E,5176.92,5063.37
TXN-750d112e,ACC-00064,ACC-00040,123.27,2026-09-01T09:26:16Z,UPI,DEV-EF47FF4D4B,4524.25,4400.98
TXN-7d3572cc,ACC-00011,ACC-00061,190.24,2026-09-01T09:32:21Z,UPI,DEV-75C14253FE,124723.81,124533.57
TXN-66fba71d,ACC-00037,ACC-00081,149.96,2026-09-01T10:09:56Z,IMPS,DEV-6E85FA4021,67243.26,67093.3
TXN-9565257b,ACC-00084,ACC-00012,1263.98,2026-09-01T06:16:40Z,AEPS,DEV-SHARED-SCN-FANOUT-0004,32198.6,30934.62
TXN-cff2b1c4,ACC-00054,ACC-00070,101.05,2026-09-01T16:50:21Z,AEPS,DEV-A5C4F5981D,5541.17,5440.12
TXN-797209c0,ACC-00033,ACC-00099,68016.21,2026-09-01T14:18:23Z,IMPS,DEV-SHARED-SCN-LAYER-0007,83261.49,15245.28
TXN-9ec4ea48,ACC-00014,ACC-00018,111.18,2026-09-01T07:58:23Z,AEPS,DEV-C3DE28B111,4591.64,4480.46
TXN-6f75ee8a,ACC-00028,ACC-00025,103.89,2026-09-01T23:43:07Z,UPI,DEV-A3FDD158A7,4804.22,4700.33
TXN-a2a2e91f,ACC-00098,ACC-00075,119.62,2026-09-01T13:32:52Z,RTGS,DEV-EE9649210C,17432.64,17313.02
TXN-2a1f1b61,ACC-00008,ACC-00071,232.64,2026-09-01T12:52:47Z,UPI,DEV-2CEC864A6E,4544.55,4311.91
TXN-1beaf6ac,ACC-00096,ACC-00009,121.62,2026-09-01T12:19:03Z,IMPS,DEV-8192ACBACB,17936.54,17814.92
TXN-7321bf6b,ACC-00060,ACC-00075,128.33,2026-09-01T21:30:03Z,IMPS,DEV-7E5A2A5DD9,71412.91,71284.58
TXN-68f82063,ACC-00094,ACC-00070,160.61,2026-09-01T00:09:11Z,UPI,DEV-712B7CE918,79897.87,79737.26
TXN-82f73861,ACC-00088,ACC-00081,949.2,2026-09-01T15:54:57Z,UPI,DEV-SHARED-SCN-LAYER-0008,5346.83,4397.63
TXN-ae46024d,ACC-00083,ACC-00066,1206.08,2026-09-01T14:39:36Z,IMPS,DEV-SHARED-SCN-FANIN-0002,5141.88,3935.8
TXN-d9af6e09,ACC-00099,ACC-00012,139.92,2026-09-01T17:43:42Z,UPI,DEV-C556C5E699,71051.73,70911.81
TXN-e6b0da0a,ACC-00050,ACC-00002,110.57,2026-09-01T02:01:58Z,UPI,DEV-FB6B01A65F,4143.88,4033.31
TXN-64988bde,ACC-00017,ACC-00031,110.56,2026-09-01T22:13:30Z,NEFT,DEV-47A0E0B779,133729.72,133619.16
TXN-262e5559,ACC-00026,ACC-00046,74474.24,2026-09-01T07:08:53Z,IMPS,DEV-SHARED-SCN-LAYER-0009,92098.66,17624.42
TXN-6118433b,ACC-00003,ACC-00039,120.63,2026-09-01T10:10:44Z,IMPS,DEV-C18365046B,94448.28,94327.65
TXN-161237c9,ACC-00048,ACC-00060,173.52,2026-09-01T14:41:12Z,IMPS,DEV-C7BB1655A0,3932.72,3759.2
TXN-5683ede0,ACC-00021,ACC-00094,102.21,2026-09-01T23:28:22Z,AEPS,DEV-D604B88A3C,4566.01,4463.8
TXN-ff4cc10f,ACC-00036,ACC-00051,114.35,2026-09-01T04:47:42Z,AEPS,DEV-A1C309A66C,2882.24,2767.89
TXN-4970ed9a,ACC-00013,ACC-00092,139.59,2026-09-01T03:18:08Z,IMPS,DEV-7AB4DBB8BB,177651.35,177511.76
TXN-98159d6c,ACC-00037,ACC-00010,138.84,2026-09-01T02:10:01Z,AEPS,DEV-6E85FA4021,67603.2,67464.36
TXN-23c97a1e,ACC-00096,ACC-00071,108.66,2026-09-01T19:17:36Z,UPI,DEV-8192ACBACB,17511.94,17403.28
TXN-ce4758be,ACC-00061,ACC-00031,193.1,2026-09-01T16:58:54Z,UPI,DEV-799F526720,14706.44,14513.34
TXN-c77444cb,ACC-00011,ACC-00051,205.67,2026-09-01T05:19:03Z,IMPS,DEV-75C14253FE,125009.7,124804.03
TXN-31383975,ACC-00093,ACC-00088,138.65,2026-09-01T14:38:30Z,IMPS,DEV-7C4769D25A,22605.3,22466.65
TXN-7580e050,ACC-00046,ACC-00035,170.57,2026-09-01T23:01:23Z,UPI,DEV-0890990928,80933.29,80762.72
TXN-17dded81,ACC-00020,ACC-00088,257.75,2026-09-01T19:57:45Z,UPI,DEV-49B2AB17AA,49037.23,48779.48
TXN-a43e558c,ACC-00039,ACC-00018,115.37,2026-09-01T20:59:16Z,NEFT,DEV-EFF7FBC5AF,3843.35,3727.98
TXN-f37fd50d,ACC-00086,ACC-00055,124.19,2026-09-01T07:24:46Z,UPI,DEV-970550FCB9,39797.67,39673.48
TXN-144823f7,ACC-00018,ACC-00098,148.62,2026-09-01T00:07:33Z,UPI,DEV-98D1235663,176052.34,175903.72
TXN-1a312044,ACC-00028,ACC-00004,1459.12,2026-09-01T15:33:08Z,AEPS,DEV-SHARED-SCN-FANIN-0001,6144.1,4684.98
TXN-8567c805,ACC-00094,ACC-00019,113.43,2026-09-01T18:49:20Z,UPI,DEV-712B7CE918,79383.14,79269.71
TXN-98eeac2b,ACC-00080,ACC-00082,131.54,2026-09-01T09:08:30Z,IMPS,DEV-7E586DD1A5,112411.83,112280.29
TXN-a7d4cf50,ACC-00093,ACC-00089,136.77,2026-09-01T06:22:21Z,IMPS,DEV-B3D2DB948C,1136.28,999.51
TXN-010e4265,ACC-00041,ACC-00058,1075.69,2026-09-01T13:51:27Z,AEPS,DEV-SHARED-SCN-FANOUT-0005,8725.34,7649.65
TXN-508850d3,ACC-00083,ACC-00023,128.39,2026-09-01T03:22:01Z,UPI,DEV-3064F90A19,5480.12,5351.73
TXN-fd498e20,ACC-00068,ACC-00032,136.97,2026-09-01T19:04:34Z,NEFT,DEV-2A052F606B,185976.56,185839.59
TXN-e8121ef0,ACC-00084,ACC-00093,1332.61,2026-09-01T09:44:48Z,IMPS,DEV-SHARED-SCN-FANIN-0003,5986.21,4653.6
TXN-3f59e4f2,ACC-00061,ACC-00097,126.74,2026-09-01T05:14:30Z,IMPS,DEV-799F526720,14761.82,14635.08
TXN-62210670,ACC-00041,ACC-00008,1226.48,2026-09-01T13:52:00Z,IMPS,DEV-SHARED-SCN-FANOUT-0005,7649.65,6423.17
TXN-0d7bec04,ACC-00035,ACC-00010,130.07,2026-09-01T16:09:35Z,UPI,DEV-1AC0F9689B,91746.9,91616.83
TXN-f8170ebf,ACC-00014,ACC-00093,100.04,2026-09-01T17:34:55Z,UPI,DEV-C3DE28B111,4688.88,4588.84
TXN-cb9faf6d,ACC-00091,ACC-00063,111.8,2026-09-01T22:24:31Z,UPI,DEV-F920B9B421,179540.73,179428.93
TXN-73557b9d,ACC-00025,ACC-00042,133.77,2026-09-01T22:59:07Z,UPI,DEV-E8E88800E0,130207.64,130073.87
TXN-1747f387,ACC-00067,ACC-00057,103.55,2026-09-01T13:59:43Z,UPI,DEV-2E4B04D169,18346.96,18243.41
TXN-8991b01a,ACC-00077,ACC-00018,130.41,2026-09-01T11:40:48Z,UPI,DEV-1CE1CD847E,162065.79,161935.38
TXN-ff46a6bf,ACC-00023,ACC-00054,214.09,2026-09-01T22:04:16Z,UPI,DEV-2D1CEFA38E,89735.41,89521.32
TXN-bdc2b74b,ACC-00027,ACC-00048,111.59,2026-09-01T20:44:16Z,UPI,DEV-1A5F82C45F,124629.82,124518.23
TXN-ac0f6801,ACC-00087,ACC-00091,172.47,2026-09-01T14:09:50Z,RTGS,DEV-9C37A1EB4F,4234.03,4061.56
TXN-ddf6d4ac,ACC-00018,ACC-00097,167.66,2026-09-01T23:49:10Z,RTGS,DEV-98D1235663,174492.45,174324.79
TXN-b836c448,ACC-00080,ACC-00022,151.65,2026-09-01T08:44:35Z,UPI,DEV-7E586DD1A5,112563.48,112411.83
TXN-57d9cbb0,ACC-00004,ACC-00093,17060.35,2026-09-01T09:44:49Z,UPI,DEV-SHARED-SCN-FANIN-0003,20782.89,3722.54
TXN-6d268b37,ACC-00095,ACC-00032,124.83,2026-09-01T07:56:37Z,IMPS,DEV-37E72C9D1D,16178.34,16053.51
TXN-56febfb9,ACC-00035,ACC-00004,105.84,2026-09-01T07:24:56Z,IMPS,DEV-1AC0F9689B,92011.49,91905.65
TXN-278ed00d,ACC-00096,ACC-00090,302.98,2026-09-01T17:48:52Z,UPI,DEV-8192ACBACB,17814.92,17511.94
TXN-95804c2a,ACC-00036,ACC-00008,175.3,2026-09-01T08:34:42Z,UPI,DEV-0C59EC4E88,2767.89,2592.59
TXN-ce7607ad,ACC-00035,ACC-00022,108.97,2026-09-01T11:33:51Z,NEFT,DEV-1AC0F9689B,92008.74,91899.77
TXN-dd1d6cd1,ACC-00095,ACC-00006,116.55,2026-09-01T05:12:52Z,UPI,DEV-2C4E326570,16154.48,16037.93
TXN-486bb6bf,ACC-00057,ACC-00068,125.41,2026-09-01T08:56:54Z,UPI,DEV-0299442EF6,43440.34,43314.93
TXN-39c1e262,ACC-00044,ACC-00015,121.02,2026-09-01T18:05:58Z,UPI,DEV-2F0B2FE1FF,94665.88,94544.86
TXN-f186e47a,ACC-00030,ACC-00049,129.89,2026-09-01T13:12:55Z,UPI,DEV-B194F43891,37521.57,37391.68
TXN-ffe3f366,ACC-00002,ACC-00028,282.6,2026-09-01T02:48:56Z,AEPS,DEV-C1BD62648C,2698.84,2416.24
TXN-71f2ce8f,ACC-00016,ACC-00018,194.97,2026-09-01T21:34:05Z,UPI,DEV-08A58E7163,91129.11,90934.14
TXN-b509109b,ACC-00098,ACC-00001,117.18,2026-09-01T05:33:15Z,NEFT,DEV-48DDB66258,18241.98,18124.8
TXN-c16d83ed,ACC-00078,ACC-00046,107.36,2026-09-01T06:00:54Z,UPI,DEV-34BF887C18,122599.63,122492.27
TXN-9b33e3a4,ACC-00018,ACC-00092,112.62,2026-09-01T10:58:03Z,UPI,DEV-98D1235663,175859.46,175746.84
TXN-564cfbd2,ACC-00094,ACC-00059,139.35,2026-09-01T00:20:16Z,IMPS,DEV-712B7CE918,79737.26,79597.91
TXN-93f277cc,ACC-00093,ACC-00007,390.77,2026-09-01T08:26:22Z,IMPS,DEV-B3D2DB948C,1101.83,711.06
TXN-0577aea9,ACC-00059,ACC-00012,141.46,2026-09-01T14:19:53Z,IMPS,DEV-CB32A97DFF,166175.66,166034.2
TXN-122dd7be,ACC-00031,ACC-00064,115.56,2026-09-01T15:18:50Z,UPI,DEV-F91F0B2C51,67742.89,67627.33
TXN-5970a859,ACC-00066,ACC-00082,103.48,2026-09-01T21:44:31Z,UPI,DEV-DFCD51FB49,100201.71,100098.23
TXN-b4746349,ACC-00039,ACC-00029,292.0,2026-09-01T18:30:29Z,AEPS,DEV-9D10DC9B14,3470.57,3178.57
TXN-b5578b00,ACC-00088,ACC-00099,127.93,2026-09-01T11:04:44Z,AEPS,DEV-136A08A267,4219.4,4091.47
TXN-a9d1a28e,ACC-00087,ACC-00041,1015.91,2026-09-01T02:16:47Z,UPI,DEV-SHARED-SCN-TRIAD-0011,4625.6,3609.69
TXN-3a7e8e14,ACC-00099,ACC-00071,151.58,2026-09-01T10:50:14Z,UPI,DEV-7B8A0DD569,3169.67,3018.09
TXN-e63949d4,ACC-00061,ACC-00035,101.34,2026-09-01T22:12:50Z,UPI,DEV-799F526720,14513.34,14412.0
TXN-87a1ec02,ACC-00085,ACC-00049,192.92,2026-09-01T02:29:41Z,IMPS,DEV-BF2AB0A7E1,97206.96,97014.04
TXN-9194821e,ACC-00091,ACC-00065,116.62,2026-09-01T12:34:58Z,IMPS,DEV-F920B9B421,179890.35,179773.73
TXN-ae13591e,ACC-00001,ACC-00028,121.66,2026-09-01T05:25:42Z,UPI,DEV-1FC397EF7B,2150.37,2028.71
TXN-7f14eafa,ACC-00023,ACC-00016,100.36,2026-09-01T00:16:20Z,UPI,DEV-95FC0E85E7,89897.83,89797.47
TXN-d1403430,ACC-00096,ACC-00061,254.6,2026-09-01T00:29:08Z,NEFT,DEV-8192ACBACB,5290.34,5035.74
TXN-0f6ce9bf,ACC-00010,ACC-00006,117.91,2026-09-01T12:59:16Z,IMPS,DEV-54725B052D,3048.84,2930.93
TXN-d5b6de85,ACC-00023,ACC-00069,115.98,2026-09-01T23:29:21Z,UPI,DEV-2D1CEFA38E,89521.32,89405.34
TXN-3e0f84ce,ACC-00038,ACC-00095,146.7,2026-09-01T13:49:15Z,UPI,DEV-463950C04C,4131.62,3984.92
TXN-13eb22c9,ACC-00082,ACC-00073,103.15,2026-09-01T07:56:52Z,UPI,DEV-BBA11401FC,1487.97,1384.82
TXN-002c4c22,ACC-00059,ACC-00003,103.82,2026-09-01T10:35:27Z,NEFT,DEV-F741397F8A,166589.01,166485.19
TXN-3bdbc09e,ACC-00075,ACC-00049,180.61,2026-09-01T02:36:01Z,AEPS,DEV-2DF578F5BC,53746.81,53566.2
TXN-43b47ee5,ACC-00037,ACC-00069,100.23,2026-09-01T03:12:51Z,UPI,DEV-6E85FA4021,67464.36,67364.13
TXN-fef7d9ea,ACC-00042,ACC-00074,151.64,2026-09-01T03:49:27Z,UPI,DEV-5EEC980AAC,129532.22,129380.58
TXN-9a72083c,ACC-00012,ACC-00021,174.92,2026-09-01T16:54:46Z,UPI,DEV-0E05DCD75A,5718.07,5543.15
TXN-69b7c0fa,ACC-00090,ACC-00015,106.24,2026-09-01T10:03:02Z,UPI,DEV-8E45687FB1,143587.72,143481.48
TXN-9dd2f9de,ACC-00018,ACC-00042,271.49,2026-09-01T09:25:51Z,UPI,DEV-98D1235663,176130.95,175859.46
TXN-7cea2045,ACC-00069,ACC-00049,327.09,2026-09-01T21:17:54Z,IMPS,DEV-EF352029A3,182812.48,182485.39
TXN-fe2110d0,ACC-00062,ACC-00014,108.12,2026-09-01T13:47:43Z,IMPS,DEV-94D0A42AB8,136175.77,136067.65
TXN-25c61c45,ACC-00027,ACC-00076,107.24,2026-09-01T07:53:07Z,NEFT,DEV-1A5F82C45F,125307.41,125200.17
TXN-991965ea,ACC-00053,ACC-00014,100.74,2026-09-01T02:14:00Z,UPI,DEV-D4786F0CE5,78722.81,78622.07
TXN-ea074d80,ACC-00081,ACC-00019,185.64,2026-09-01T21:51:33Z,UPI,DEV-76C20C7DD6,3922.37,3736.73
TXN-54ce26be,ACC-00090,ACC-00022,102.46,2026-09-01T15:28:39Z,NEFT,DEV-8E45687FB1,143617.46,143515.0
TXN-31d4ee09,ACC-00098,ACC-00052,114.4,2026-09-01T13:41:12Z,UPI,DEV-48DDB66258,17313.02,17198.62
TXN-b0c58278,ACC-00088,ACC-00089,116.51,2026-09-01T21:05:41Z,UPI,DEV-136A08A267,4655.38,4538.87
TXN-f8f58a26,ACC-00040,ACC-00036,189.78,2026-09-01T16:26:11Z,NEFT,DEV-19026D8F13,14667.76,14477.98
TXN-9b792afa,ACC-00079,ACC-00062,148.43,2026-09-01T15:41:14Z,UPI,DEV-AE2E300CF5,105472.87,105324.44
TXN-a43afb7a,ACC-00061,ACC-00005,110.34,2026-09-01T03:15:01Z,UPI,DEV-ACBEE23877,14872.16,14761.82
TXN-837217e0,ACC-00042,ACC-00019,102.73,2026-09-01T08:32:16Z,UPI,DEV-5EEC980AAC,129483.68,129380.95
TXN-f966d59f,ACC-00043,ACC-00057,112.71,2026-09-01T20:37:41Z,NEFT,DEV-1AE5D1DD8F,114871.39,114758.68
TXN-905f9096,ACC-00097,ACC-00092,179.99,2026-09-01T07:10:57Z,RTGS,DEV-B4666B6275,138548.81,138368.82
TXN-fb4fb88a,ACC-00055,ACC-00066,112.35,2026-09-01T02:17:21Z,UPI,DEV-5E649FD6C8,4257.18,4144.83
TXN-a8149562,ACC-00013,ACC-00072,143.9,2026-09-01T17:22:10Z,UPI,DEV-A1ECF1563F,177494.04,177350.14
TXN-ead18464,ACC-00013,ACC-00032,140.58,2026-09-01T19:35:27Z,UPI,DEV-C77687556A,177350.14,177209.56
TXN-f7ff88d4,ACC-00056,ACC-00082,351.74,2026-09-01T04:10:51Z,IMPS,DEV-A1317091FF,85674.57,85322.83
TXN-55ab946d,ACC-00100,ACC-00044,143.98,2026-09-01T15:08:28Z,UPI,DEV-8852AC792A,4204.74,4060.76
TXN-a77d95f1,ACC-00046,ACC-00007,101.46,2026-09-01T21:10:34Z,UPI,DEV-0890990928,81034.75,80933.29
TXN-5037cd6b,ACC-00010,ACC-00030,115.39,2026-09-01T02:27:29Z,IMPS,DEV-DD9FD340D3,3268.52,3153.13
TXN-de95d695,ACC-00098,ACC-00076,152.29,2026-09-01T11:30:19Z,IMPS,DEV-7A50C02CBA,17891.21,17738.92
TXN-dfa59722,ACC-00025,ACC-00007,109.48,2026-09-01T14:28:12Z,IMPS,DEV-E8E88800E0,130317.12,130207.64
TXN-dd58631b,ACC-00050,ACC-00004,1210.38,2026-09-01T15:34:15Z,UPI,DEV-SHARED-SCN-FANIN-0001,4799.46,3589.08
TXN-861b4f5b,ACC-00016,ACC-00099,229.59,2026-09-01T10:18:13Z,UPI,DEV-02F51430D7,91948.17,91718.58
TXN-3b8d3447,ACC-00064,ACC-00070,111.4,2026-09-01T02:09:58Z,UPI,DEV-3D6939DBD6,4561.55,4450.15
TXN-996d5c50,ACC-00063,ACC-00068,142.12,2026-09-01T09:29:10Z,UPI,DEV-D5D0175997,179034.22,178892.1
TXN-3f8ea40a,ACC-00013,ACC-00007,110.49,2026-09-01T14:46:08Z,UPI,DEV-5E4C74F1B8,177472.04,177361.55
TXN-da509fed,ACC-00059,ACC-00065,133.82,2026-09-01T16:50:33Z,UPI,DEV-CB32A97DFF,166034.2,165900.38
TXN-485f7888,ACC-00081,ACC-00002,806.82,2026-09-01T15:56:53Z,UPI,DEV-SHARED-SCN-LAYER-0008,4729.19,3922.37
TXN-e61ede90,ACC-00030,ACC-00060,137.92,2026-09-01T16:00:15Z,UPI,DEV-B194F43891,37391.68,37253.76
TXN-88d00abd,ACC-00059,ACC-00082,141.67,2026-09-01T01:31:11Z,UPI,DEV-CB32A97DFF,166848.09,166706.42
TXN-27046f25,ACC-00034,ACC-00071,277.81,2026-09-01T10:01:18Z,IMPS,DEV-307AE31F68,20810.93,20533.12
TXN-56ab087a,ACC-00075,ACC-00095,159.64,2026-09-01T08:27:18Z,UPI,DEV-2DF578F5BC,53566.2,53406.56
TXN-2ff3cde4,ACC-00038,ACC-00055,100.04,2026-09-01T13:41:45Z,UPI,DEV-463950C04C,4231.66,4131.62
TXN-b139c476,ACC-00013,ACC-00068,252.22,2026-09-01T21:37:49Z,UPI,DEV-C77687556A,176842.52,176590.3
TXN-dac726b6,ACC-00039,ACC-00034,179.67,2026-09-01T22:51:01Z,UPI,DEV-9D10DC9B14,3727.98,3548.31
TXN-efb3b939,ACC-00082,ACC-00099,102.79,2026-09-01T06:40:38Z,UPI,DEV-BBA11401FC,1736.65,1633.86
TXN-a3607681,ACC-00081,ACC-00077,121.93,2026-09-01T04:58:00Z,UPI,DEV-76C20C7DD6,4038.26,3916.33
TXN-956d80e4,ACC-00061,ACC-00003,114.54,2026-09-01T23:31:03Z,IMPS,DEV-799F526720,14296.62,14182.08
TXN-7129cec7,ACC-00087,ACC-00011,109.65,2026-09-01T11:39:21Z,IMPS,DEV-9C37A1EB4F,4343.68,4234.03
TXN-4cde1b6b,ACC-00061,ACC-00013,118.88,2026-09-01T07:39:13Z,IMPS,DEV-799F526720,14635.08,14516.2
TXN-92a54d04,ACC-00038,ACC-00017,105.74,2026-09-01T16:50:53Z,UPI,DEV-463950C04C,3984.92,3879.18
TXN-a18b5d15,ACC-00084,ACC-00054,1028.89,2026-09-01T06:19:31Z,IMPS,DEV-SHARED-SCN-FANOUT-0004,29669.02,28640.13
TXN-0986bbeb,ACC-00090,ACC-00039,139.48,2026-09-01T01:05:17Z,UPI,DEV-8E45687FB1,143724.55,143585.07
TXN-8a4b8f7c,ACC-00077,ACC-00001,109.89,2026-09-01T23:42:02Z,AEPS,DEV-1CE1CD847E,162057.22,161947.33
TXN-f69777a1,ACC-00013,ACC-00018,158.6,2026-09-01T09:13:00Z,IMPS,DEV-C77687556A,177630.64,177472.04
TXN-b5a1b949,ACC-00059,ACC-00010,200.32,2026-09-01T13:45:41Z,IMPS,DEV-CB32A97DFF,166375.98,166175.66
TXN-7f6bd3c6,ACC-00002,ACC-00039,685.8,2026-09-01T15:57:37Z,UPI,DEV-SHARED-SCN-LAYER-0008,3196.38,2510.58
TXN-fcd6bdca,ACC-00037,ACC-00087,127.59,2026-09-01T22:41:08Z,UPI,DEV-6E85FA4021,66759.59,66632.0
TXN-8fe069b6,ACC-00096,ACC-00062,107.16,2026-09-01T06:30:25Z,NEFT,DEV-8192ACBACB,18296.96,18189.8
TXN-fdde64af,ACC-00090,ACC-00029,110.96,2026-09-01T01:56:05Z,NEFT,DEV-8E45687FB1,143585.07,143474.11
TXN-5c11ab6d,ACC-00037,ACC-00049,120.87,2026-09-01T07:24:07Z,IMPS,DEV-6E85FA4021,67364.13,67243.26
TXN-f80b2cea,ACC-00010,ACC-00044,133.79,2026-09-01T14:17:40Z,IMPS,DEV-DD9FD340D3,3246.83,3113.04
TXN-4fe54745,ACC-00041,ACC-00036,1599.95,2026-09-01T13:52:58Z,IMPS,DEV-SHARED-SCN-FANOUT-0005,6423.17,4823.22
TXN-d6f89f7a,ACC-00064,ACC-00060,102.97,2026-09-01T11:16:03Z,AEPS,DEV-3D6939DBD6,3164.8,3061.83
TXN-741b77f5,ACC-00039,ACC-00062,108.44,2026-09-01T09:44:46Z,NEFT,DEV-9D10DC9B14,2396.81,2288.37
TXN-8fc9c86b,ACC-00015,ACC-00004,154.71,2026-09-01T09:17:15Z,UPI,DEV-D9A683533A,100765.36,100610.65
TXN-e0688849,ACC-00089,ACC-00017,214.02,2026-09-01T20:59:10Z,UPI,DEV-920B5DC481,118861.24,118647.22
TXN-801f4909,ACC-00084,ACC-00029,1265.6,2026-09-01T06:18:06Z,UPI,DEV-SHARED-SCN-FANOUT-0004,30934.62,29669.02
TXN-397b5f51,ACC-00051,ACC-00065,114.86,2026-09-01T01:57:30Z,UPI,DEV-42C0DEF783,74645.49,74530.63
TXN-50fe8199,ACC-00084,ACC-00040,9384.5,2026-09-01T06:20:08Z,UPI,DEV-SHARED-SCN-FANOUT-0004,15264.13,5879.63
TXN-4e8bf78a,ACC-00079,ACC-00046,107.53,2026-09-01T04:12:30Z,IMPS,DEV-AE2E300CF5,105004.98,104897.45
TXN-f4e559e5,ACC-00096,ACC-00095,114.78,2026-09-01T01:26:22Z,UPI,DEV-8192ACBACB,5035.74,4920.96
TXN-5da36f1b,ACC-00093,ACC-00087,488.68,2026-09-01T19:18:36Z,AEPS,DEV-B3D2DB948C,22361.03,21872.35
TXN-2fe922aa,ACC-00004,ACC-00049,144.69,2026-09-01T05:09:11Z,UPI,DEV-C95444F125,20565.26,20420.57
TXN-8e969227,ACC-00098,ACC-00035,103.09,2026-09-01T10:20:36Z,UPI,DEV-48DDB66258,17994.3,17891.21
TXN-d42cb1ae,ACC-00053,ACC-00064,213.73,2026-09-01T09:00:30Z,UPI,DEV-D4786F0CE5,78622.07,78408.34
TXN-b27b7bb4,ACC-00021,ACC-00007,103.06,2026-09-01T04:33:34Z,UPI,DEV-D604B88A3C,5467.15,5364.09
TXN-857dd3b3,ACC-00029,ACC-00079,101.25,2026-09-01T20:48:27Z,IMPS,DEV-25FE0B6891,4268.65,4167.4
TXN-0e5d8c6a,ACC-00098,ACC-00005,102.8,2026-09-01T13:15:53Z,UPI,DEV-48DDB66258,17535.44,17432.64
TXN-e03635fc,ACC-00037,ACC-00100,291.53,2026-09-01T20:19:46Z,UPI,DEV-6E85FA4021,66977.72,66686.19
TXN-0c3ce284,ACC-00005,ACC-00097,139.15,2026-09-01T20:41:28Z,UPI,DEV-208AE78D36,87689.13,87549.98
TXN-c122b5b3,ACC-00100,ACC-00073,132.75,2026-09-01T03:44:02Z,NEFT,DEV-8852AC792A,125864.2,125731.45
TXN-0308aa5e,ACC-00062,ACC-00085,122.51,2026-09-01T13:14:22Z,UPI,DEV-94D0A42AB8,136298.28,136175.77
TXN-4b8c031f,ACC-00058,ACC-00020,100.99,2026-09-01T05:53:55Z,IMPS,DEV-1F874B4EE4,4633.3,4532.31
TXN-ec9f9c54,ACC-00050,ACC-00044,427.56,2026-09-01T11:56:26Z,UPI,DEV-FB6B01A65F,5227.02,4799.46
TXN-ca3c6f5f,ACC-00023,ACC-00015,141.2,2026-09-01T00:21:23Z,UPI,DEV-2D1CEFA38E,89797.47,89656.27
TXN-19bad7ae,ACC-00012,ACC-00056,470.32,2026-09-01T16:53:36Z,IMPS,DEV-0E05DCD75A,6188.39,5718.07
TXN-d2c2a960,ACC-00071,ACC-00066,103.45,2026-09-01T18:36:09Z,UPI,DEV-26EF0FFF19,26215.99,26112.54
TXN-4347dbca,ACC-00084,ACC-00097,108.56,2026-09-01T00:46:24Z,NEFT,DEV-AB400BD111,33634.1,33525.54
TXN-88b4f474,ACC-00057,ACC-00079,110.24,2026-09-01T10:46:27Z,IMPS,DEV-0299442EF6,43314.93,43204.69
TXN-a867a096,ACC-00080,ACC-00079,143.35,2026-09-01T14:36:57Z,IMPS,DEV-7E586DD1A5,112077.87,111934.52
TXN-aa448259,ACC-00059,ACC-00052,117.41,2026-09-01T10:14:32Z,UPI,DEV-CB32A97DFF,166706.42,166589.01
TXN-44cdbfdd,ACC-00093,ACC-00034,105.34,2026-09-01T18:44:49Z,UPI,DEV-B3D2DB948C,22466.37,22361.03
TXN-7e4ce29f,ACC-00039,ACC-00095,135.93,2026-09-01T14:12:02Z,UPI,DEV-75A6E9E4D2,2272.44,2136.51
TXN-81e03a5e,ACC-00011,ACC-00068,435.2,2026-09-01T12:37:31Z,UPI,DEV-75C14253FE,124643.22,124208.02
TXN-3e00980e,ACC-00093,ACC-00080,164.41,2026-09-01T19:43:11Z,UPI,DEV-B3D2DB948C,21872.35,21707.94
TXN-a2a9d4d8,ACC-00080,ACC-00072,112.36,2026-09-01T15:32:37Z,IMPS,DEV-7E586DD1A5,111934.52,111822.16
TXN-eb9ed274,ACC-00058,ACC-00077,121.84,2026-09-01T12:09:31Z,UPI,DEV-1F874B4EE4,4412.37,4290.53
TXN-6f5b09a6,ACC-00018,ACC-00082,179.62,2026-09-01T13:37:39Z,UPI,DEV-98D1235663,175767.38,175587.76
TXN-0779250a,ACC-00052,ACC-00081,106.0,2026-09-01T10:22:16Z,IMPS,DEV-D517279790,161100.39,160994.39
TXN-24d38751,ACC-00063,ACC-00074,134.24,2026-09-01T06:36:35Z,UPI,DEV-D5D0175997,179168.46,179034.22
TXN-b99b2b5a,ACC-00032,ACC-00059,113.31,2026-09-01T22:29:52Z,UPI,DEV-0EA34E9649,60274.21,60160.9
TXN-753659ef,ACC-00050,ACC-00079,115.95,2026-09-01T08:26:51Z,UPI,DEV-FB6B01A65F,5342.97,5227.02
TXN-c696f5e6,ACC-00007,ACC-00078,156.86,2026-09-01T21:40:13Z,NEFT,DEV-A718CBDF50,5068.39,4911.53
TXN-0a4e2552,ACC-00047,ACC-00097,104.52,2026-09-01T09:37:59Z,IMPS,DEV-D8489675DB,155049.25,154944.73
TXN-35ba9357,ACC-00012,ACC-00057,202.28,2026-09-01T19:29:07Z,UPI,DEV-0E05DCD75A,5683.07,5480.79
TXN-8baaf744,ACC-00074,ACC-00054,135.35,2026-09-01T21:20:09Z,UPI,DEV-2ED5725354,3659.42,3524.07
TXN-bc36dc59,ACC-00053,ACC-00039,109.79,2026-09-01T14:12:00Z,IMPS,DEV-1046D6416C,78408.34,78298.55
TXN-33e4f986,ACC-00095,ACC-00042,111.85,2026-09-01T01:47:32Z,UPI,DEV-2C4E326570,16266.33,16154.48
TXN-6f04af36,ACC-00014,ACC-00050,1415.48,2026-09-01T07:10:51Z,IMPS,DEV-SHARED-SCN-FANOUT-0006,11280.45,9864.97
TXN-e1721c83,ACC-00001,ACC-00071,465.79,2026-09-01T15:40:09Z,UPI,DEV-1FC397EF7B,3687.45,3221.66
TXN-ded7d3ef,ACC-00004,ACC-00031,114.77,2026-09-01T04:15:43Z,IMPS,DEV-C95444F125,20680.03,20565.26
TXN-58321ee4,ACC-00017,ACC-00041,138.52,2026-09-01T16:19:21Z,UPI,DEV-47A0E0B779,132858.37,132719.85
TXN-ea75752d,ACC-00092,ACC-00095,140.41,2026-09-01T05:57:29Z,UPI,DEV-727A71FC4C,176499.53,176359.12
TXN-0e3141ec,ACC-00092,ACC-00074,136.55,2026-09-01T12:15:31Z,UPI,DEV-727A71FC4C,176545.17,176408.62
TXN-d2c65ee4,ACC-00051,ACC-00092,151.19,2026-09-01T18:27:35Z,UPI,DEV-42C0DEF783,74403.29,74252.1
TXN-23d3cd4c,ACC-00050,ACC-00087,226.31,2026-09-01T18:08:04Z,UPI,DEV-FB6B01A65F,3589.08,3362.77
TXN-9d5817e8,ACC-00040,ACC-00089,103.59,2026-09-01T07:04:51Z,RTGS,DEV-19026D8F13,13548.86,13445.27
TXN-b423ccde,ACC-00001,ACC-00064,157.3,2026-09-01T09:07:29Z,UPI,DEV-1FC397EF7B,2145.89,1988.59
TXN-4b1a269b,ACC-00089,ACC-00039,233.2,2026-09-01T19:06:26Z,UPI,DEV-920B5DC481,119094.44,118861.24
TXN-b02e21aa,ACC-00100,ACC-00034,121268.87,2026-09-01T07:05:18Z,UPI,DEV-SHARED-SCN-FANIN-0001,125607.72,4338.85
TXN-2d79a2d1,ACC-00039,ACC-00042,133.56,2026-09-01T11:29:46Z,IMPS,DEV-6D74CE48FD,2409.0,2275.44
TXN-4ac66780,ACC-00063,ACC-00022,102.46,2026-09-01T18:15:55Z,UPI,DEV-D5D0175997,179101.4,178998.94
TXN-03254fbd,ACC-00015,ACC-00030,155.85,2026-09-01T20:36:30Z,UPI,DEV-D9A683533A,100814.31,100658.46
TXN-abd2b512,ACC-00056,ACC-00036,138.13,2026-09-01T01:22:35Z,IMPS,DEV-A1317091FF,85812.7,85674.57
TXN-eb04159c,ACC-00025,ACC-00026,186.96,2026-09-01T10:57:17Z,UPI,DEV-E8E88800E0,130504.08,130317.12
TXN-beed0af9,ACC-00087,ACC-00040,152.08,2026-09-01T19:35:41Z,UPI,DEV-9C37A1EB4F,4675.56,4523.48
TXN-04e55bd5,ACC-00014,ACC-00076,2933.99,2026-09-01T07:13:09Z,IMPS,DEV-SHARED-SCN-FANOUT-0006,8687.05,5753.06
TXN-61a66444,ACC-00034,ACC-00012,138.46,2026-09-01T08:54:16Z,UPI,DEV-307AE31F68,22312.43,22173.97
TXN-cf133b65,ACC-00083,ACC-00057,175.54,2026-09-01T20:20:04Z,UPI,DEV-3064F90A19,3804.59,3629.05
TXN-7227890e,ACC-00038,ACC-00042,103.1,2026-09-01T07:05:43Z,UPI,DEV-463950C04C,5465.25,5362.15
TXN-5dc7b3e6,ACC-00087,ACC-00057,100.99,2026-09-01T18:41:03Z,UPI,DEV-9C37A1EB4F,4287.87,4186.88
TXN-6a74dbb7,ACC-00018,ACC-00062,104.84,2026-09-01T14:32:15Z,IMPS,DEV-98D1235663,175587.76,175482.92
TXN-8e676a01,ACC-00020,ACC-00085,122.07,2026-09-01T08:24:09Z,NEFT,DEV-49B2AB17AA,49037.5,48915.43
TXN-8d55119e,ACC-00032,ACC-00090,133.7,2026-09-01T21:57:46Z,UPI,DEV-0EA34E9649,60407.91,60274.21
TXN-6cd6f011,ACC-00097,ACC-00006,160.48,2026-09-01T05:14:42Z,UPI,DEV-B4666B6275,138709.29,138548.81
TXN-2b1ac76c,ACC-00027,ACC-00008,129.92,2026-09-01T14:19:28Z,UPI,DEV-1A5F82C45F,125200.17,125070.25
TXN-7d97ac0f,ACC-00033,ACC-00098,180.27,2026-09-01T15:24:02Z,AEPS,DEV-E8B6838948,15245.28,15065.01
TXN-4bb907ec,ACC-00099,ACC-00063,106.29,2026-09-01T03:43:07Z,AEPS,DEV-7B8A0DD569,3007.98,2901.69
TXN-ccd015c1,ACC-00091,ACC-00015,100.64,2026-09-01T02:37:28Z,UPI,DEV-F920B9B421,180220.74,180120.1
TXN-6bc4123e,ACC-00076,ACC-00042,100.44,2026-09-01T03:02:31Z,UPI,DEV-4FF7EB8E9E,1976.97,1876.53
TXN-82c56b21,ACC-00016,ACC-00031,111.22,2026-09-01T16:38:32Z,UPI,DEV-02F51430D7,91548.93,91437.71
TXN-1c76bdf6,ACC-00028,ACC-00020,127.8,2026-09-01T12:39:59Z,IMPS,DEV-A3FDD158A7,6392.02,6264.22
TXN-248d31ec,ACC-00047,ACC-00066,172.63,2026-09-01T22:52:01Z,IMPS,DEV-D8489675DB,155146.47,154973.84
TXN-31f3f0c0,ACC-00080,ACC-00007,202.42,2026-09-01T11:37:50Z,AEPS,DEV-7E586DD1A5,112280.29,112077.87
TXN-ab7a3d1c,ACC-00018,ACC-00014,135.05,2026-09-01T05:49:08Z,IMPS,DEV-CB1B098FB5,176097.73,175962.68
TXN-afa415e5,ACC-00083,ACC-00004,101.77,2026-09-01T09:38:19Z,UPI,DEV-3064F90A19,5243.65,5141.88
TXN-0ec7d662,ACC-00058,ACC-00008,119.94,2026-09-01T10:57:47Z,UPI,DEV-1F874B4EE4,4532.31,4412.37
TXN-c2efeecb,ACC-00090,ACC-00017,108.65,2026-09-01T19:53:00Z,IMPS,DEV-8E45687FB1,144043.4,143934.75
TXN-b1ac040d,ACC-00002,ACC-00090,113.17,2026-09-01T20:38:53Z,UPI,DEV-C1BD62648C,2510.58,2397.41
TXN-2a9528c3,ACC-00082,ACC-00011,103.32,2026-09-01T15:57:09Z,UPI,DEV-BBA11401FC,17797.66,17694.34
TXN-7a768555,ACC-00091,ACC-00018,125.06,2026-09-01T23:57:17Z,IMPS,DEV-F920B9B421,179428.93,179303.87
TXN-0594b24f,ACC-00083,ACC-00011,131.21,2026-09-01T19:30:21Z,UPI,DEV-00C8B0C843,3935.8,3804.59
TXN-e0e3c5ce,ACC-00055,ACC-00087,733.99,2026-09-01T02:20:52Z,IMPS,DEV-SHARED-SCN-TRIAD-0011,5008.35,4274.36
TXN-48454343,ACC-00067,ACC-00006,326.88,2026-09-01T11:09:44Z,UPI,DEV-2E4B04D169,18470.36,18143.48
TXN-479d0cda,ACC-00084,ACC-00013,185.46,2026-09-01T22:32:14Z,IMPS,DEV-AB400BD111,4807.18,4621.72
TXN-ca0ee8c4,ACC-00009,ACC-00002,109.2,2026-09-01T01:27:04Z,UPI,DEV-C54B36F801,182990.82,182881.62
TXN-a55990e7,ACC-00062,ACC-00084,106.58,2026-09-01T07:42:28Z,AEPS,DEV-94D0A42AB8,136296.42,136189.84
TXN-606e0e1c,ACC-00051,ACC-00017,132.62,2026-09-01T07:25:47Z,AEPS,DEV-42C0DEF783,74850.65,74718.03
TXN-6a18e5af,ACC-00002,ACC-00090,135.98,2026-09-01T10:04:12Z,UPI,DEV-C1BD62648C,2525.54,2389.56
TXN-af77520e,ACC-00043,ACC-00017,142.59,2026-09-01T17:43:50Z,NEFT,DEV-0E35817189,114874.85,114732.26
TXN-71be94c3,ACC-00082,ACC-00033,80019.07,2026-09-01T14:17:07Z,IMPS,DEV-SHARED-SCN-LAYER-0007,97816.73,17797.66
TXN-44d7df9a,ACC-00032,ACC-00074,125.27,2026-09-01T04:04:04Z,IMPS,DEV-0EA34E9649,59365.91,59240.64
TXN-74503887,ACC-00039,ACC-00073,133.51,2026-09-01T08:02:27Z,RTGS,DEV-AC70F45CE9,2530.32,2396.81
TXN-ff574e2b,ACC-00005,ACC-00080,102.01,2026-09-01T22:06:08Z,IMPS,DEV-208AE78D36,87432.36,87330.35
TXN-a6b07458,ACC-00004,ACC-00011,101.31,2026-09-01T13:50:33Z,IMPS,DEV-C95444F125,3612.84,3511.53
TXN-999a1d86,ACC-00018,ACC-00032,109.87,2026-09-01T13:16:53Z,UPI,DEV-98D1235663,175877.25,175767.38
TXN-09a9d1c1,ACC-00013,ACC-00065,163.37,2026-09-01T21:12:30Z,NEFT,DEV-C77687556A,177005.89,176842.52
TXN-76c5a0dc,ACC-00098,ACC-00084,102.22,2026-09-01T15:04:14Z,AEPS,DEV-48DDB66258,17198.62,17096.4
TXN-7318b96d,ACC-00066,ACC-00072,103.22,2026-09-01T02:56:25Z,UPI,DEV-DFCD51FB49,3846.18,3742.96
TXN-bb93cd40,ACC-00059,ACC-00063,112.32,2026-09-01T18:34:45Z,UPI,DEV-CB32A97DFF,165900.38,165788.06
TXN-d3479a3b,ACC-00037,ACC-00010,115.58,2026-09-01T13:11:47Z,UPI,DEV-F7C8DBCCA5,67093.3,66977.72
TXN-9ea9f508,ACC-00023,ACC-00014,250.7,2026-09-01T05:46:59Z,UPI,DEV-2D1CEFA38E,89784.66,89533.96
TXN-bfbf397b,ACC-00051,ACC-00002,109.3,2026-09-01T08:50:45Z,UPI,DEV-42C0DEF783,74718.03,74608.73
TXN-df495037,ACC-00009,ACC-00013,132.49,2026-09-01T16:07:42Z,UPI,DEV-C54B36F801,182969.07,182836.58
TXN-f296d9f0,ACC-00038,ACC-00015,116.72,2026-09-01T04:07:29Z,AEPS,DEV-463950C04C,5581.97,5465.25
TXN-a39c9ec6,ACC-00059,ACC-00015,109.21,2026-09-01T12:39:54Z,NEFT,DEV-CB32A97DFF,166485.19,166375.98
TXN-44c07a9a,ACC-00058,ACC-00006,109.25,2026-09-01T05:25:47Z,UPI,DEV-1F874B4EE4,4742.55,4633.3
TXN-ef2ddcc4,ACC-00018,ACC-00033,101.51,2026-09-01T08:54:32Z,UPI,DEV-98D1235663,176073.86,175972.35
TXN-9f708368,ACC-00031,ACC-00039,103.74,2026-09-01T15:20:05Z,UPI,DEV-F91F0B2C51,67627.33,67523.59
TXN-10d08d11,ACC-00092,ACC-00057,102.17,2026-09-01T14:35:56Z,UPI,DEV-727A71FC4C,176509.61,176407.44
TXN-ef69a980,ACC-00098,ACC-00029,130.5,2026-09-01T09:19:19Z,AEPS,DEV-48DDB66258,18124.8,17994.3
TXN-597e6845,ACC-00056,ACC-00012,304.13,2026-09-01T10:49:37Z,UPI,DEV-CEDACE9C26,85308.94,85004.81
TXN-1901ef87,ACC-00089,ACC-00093,102.32,2026-09-01T08:18:02Z,IMPS,DEV-920B5DC481,120205.33,120103.01
TXN-2ba6adb3,ACC-00100,ACC-00075,130.71,2026-09-01T14:00:16Z,IMPS,DEV-8852AC792A,4483.79,4353.08
TXN-630aa767,ACC-00065,ACC-00071,100.57,2026-09-01T01:02:41Z,NEFT,DEV-56029DE661,4927.07,4826.5
TXN-0cb4e891,ACC-00094,ACC-00070,109.34,2026-09-01T05:42:04Z,UPI,DEV-712B7CE918,79597.91,79488.57
TXN-ec4e8cbb,ACC-00026,ACC-00036,114.54,2026-09-01T09:31:35Z,UPI,DEV-D6AFF3BB1F,17624.42,17509.88
TXN-a0d572c8,ACC-00003,ACC-00046,168.53,2026-09-01T17:35:26Z,UPI,DEV-C18365046B,94309.72,94141.19
TXN-a65be22b,ACC-00020,ACC-00069,112.29,2026-09-01T18:19:02Z,IMPS,DEV-49B2AB17AA,49149.52,49037.23
TXN-5b86ea69,ACC-00041,ACC-00055,863.52,2026-09-01T02:18:35Z,IMPS,DEV-SHARED-SCN-TRIAD-0011,13140.76,12277.24
TXN-fc48f615,ACC-00091,ACC-00038,110.45,2026-09-01T20:35:32Z,UPI,DEV-B647834714,179815.52,179705.07
TXN-0df83e12,ACC-00067,ACC-00078,124.28,2026-09-01T07:05:34Z,IMPS,DEV-2E4B04D169,3132.86,3008.58
TXN-1b0ae22e,ACC-00073,ACC-00076,131.25,2026-09-01T02:24:17Z,AEPS,DEV-DCCC3DB7A7,177116.91,176985.66
TXN-dc3bbdd8,ACC-00011,ACC-00088,367.68,2026-09-01T03:11:30Z,NEFT,DEV-75C14253FE,125377.38,125009.7
TXN-3c088990,ACC-00034,ACC-00067,103078.54,2026-09-01T07:07:40Z,IMPS,DEV-SHARED-SCN-LAYER-0009,125390.97,22312.43
TXN-59b9222c,ACC-00043,ACC-00058,100.32,2026-09-01T16:38:10Z,UPI,DEV-1AE5D1DD8F,114975.17,114874.85
TXN-f7b02805,ACC-00099,ACC-00073,100.92,2026-09-01T22:06:17Z,IMPS,DEV-7B8A0DD569,70911.81,70810.89
TXN-55c3b2db,ACC-00070,ACC-00045,137.65,2026-09-01T00:13:48Z,IMPS,DEV-D7DBADD024,39022.41,38884.76
TXN-4758367b,ACC-00010,ACC-00074,104.29,2026-09-01T07:32:42Z,UPI,DEV-DD9FD340D3,3153.13,3048.84
TXN-3508507a,ACC-00085,ACC-00005,105.8,2026-09-01T00:22:32Z,NEFT,DEV-1C4FC6D8B0,97312.76,97206.96
TXN-d4b3e8cf,ACC-00071,ACC-00045,113.21,2026-09-01T06:12:28Z,NEFT,DEV-76E2B4F414,25306.23,25193.02
TXN-db842660,ACC-00061,ACC-00047,115.38,2026-09-01T22:20:52Z,UPI,DEV-799F526720,14412.0,14296.62
TXN-0b36e356,ACC-00009,ACC-00092,164.85,2026-09-01T07:02:33Z,UPI,DEV-C54B36F801,182881.62,182716.77
TXN-9780c215,ACC-00081,ACC-00039,134.9,2026-09-01T15:23:01Z,UPI,DEV-83B34B3F4C,3914.89,3779.99
TXN-e8294a67,ACC-00067,ACC-00026,87616.76,2026-09-01T07:08:10Z,UPI,DEV-SHARED-SCN-LAYER-0009,106087.12,18470.36
TXN-e9af299d,ACC-00011,ACC-00079,205.88,2026-09-01T05:46:47Z,IMPS,DEV-75C14253FE,124804.03,124598.15
TXN-196f4dfa,ACC-00048,ACC-00028,119.24,2026-09-01T20:31:50Z,AEPS,DEV-50D00D91E8,3759.2,3639.96
TXN-600b4b35,ACC-00051,ACC-00063,104.45,2026-09-01T15:04:03Z,IMPS,DEV-42C0DEF783,74507.74,74403.29
TXN-58ab4778,ACC-00099,ACC-00019,110.5,2026-09-01T17:08:21Z,UPI,DEV-BD6FB6CD19,71162.23,71051.73
TXN-e9fa97e2,ACC-00023,ACC-00031,132.33,2026-09-01T16:44:34Z,NEFT,DEV-2D1CEFA38E,89761.11,89628.78
TXN-6c7e9a2c,ACC-00074,ACC-00004,1639.57,2026-09-01T15:35:03Z,IMPS,DEV-SHARED-SCN-FANIN-0001,5198.67,3559.1
TXN-eab9eb02,ACC-00094,ACC-00046,105.43,2026-09-01T11:43:10Z,IMPS,DEV-712B7CE918,79488.57,79383.14
TXN-abdd1a8f,ACC-00055,ACC-00072,123.13,2026-09-01T22:35:53Z,AEPS,DEV-5E649FD6C8,4521.42,4398.29
TXN-937bf79b,ACC-00018,ACC-00065,869.23,2026-09-01T21:59:36Z,UPI,DEV-98D1235663,175361.68,174492.45
TXN-7421ff46,ACC-00064,ACC-00015,102.92,2026-09-01T03:15:21Z,NEFT,DEV-3D6939DBD6,4450.15,4347.23
TXN-b9744cde,ACC-00006,ACC-00060,101.46,2026-09-01T10:23:44Z,RTGS,DEV-18FA41EA65,37623.31,37521.85
TXN-059c1574,ACC-00092,ACC-00023,251.7,2026-09-01T07:45:58Z,NEFT,DEV-727A71FC4C,176703.96,176452.26
TXN-b56ff8ce,ACC-00039,ACC-00076,112.79,2026-09-01T12:46:34Z,NEFT,DEV-9D10DC9B14,2275.44,2162.65
TXN-22ee7f07,ACC-00091,ACC-00085,116.14,2026-09-01T07:14:32Z,UPI,DEV-D2AA5AD88D,180006.49,179890.35
TXN-ce30a61d,ACC-00072,ACC-00066,1100.54,2026-09-01T14:37:35Z,UPI,DEV-SHARED-SCN-FANIN-0002,4210.11,3109.57
TXN-4c7d9313,ACC-00048,ACC-00066,1518.67,2026-09-01T14:38:00Z,AEPS,DEV-SHARED-SCN-FANIN-0002,5451.39,3932.72
TXN-a5ba2472,ACC-00007,ACC-00004,1002.99,2026-09-01T15:34:34Z,UPI,DEV-SHARED-SCN-FANIN-0001,5969.92,4966.93
TXN-34ae4abd,ACC-00026,ACC-00058,132.3,2026-09-01T16:54:49Z,UPI,DEV-D6AFF3BB1F,17866.49,17734.19
TXN-5c63b6f3,ACC-00016,ACC-00026,169.65,2026-09-01T11:51:23Z,UPI,DEV-02F51430D7,91718.58,91548.93
TXN-2f12b150,ACC-00068,ACC-00041,146.94,2026-09-01T07:11:50Z,UPI,DEV-2A052F606B,185399.26,185252.32
TXN-d02c75f9,ACC-00066,ACC-00010,1063.35,2026-09-01T21:44:18Z,UPI,DEV-SHARED-SCN-TRIAD-0010,101265.06,100201.71
TXN-50647c59,ACC-00099,ACC-00075,103.31,2026-09-01T10:47:22Z,UPI,DEV-7B8A0DD569,3272.98,3169.67
TXN-924cde09,ACC-00051,ACC-00092,100.99,2026-09-01T12:24:13Z,IMPS,DEV-42C0DEF783,74608.73,74507.74
TXN-5f3c44dc,ACC-00073,ACC-00005,133.78,2026-09-01T22:46:18Z,IMPS,DEV-DCCC3DB7A7,177654.21,177520.43
TXN-439db29d,ACC-00100,ACC-00066,1251.0,2026-09-01T21:42:52Z,IMPS,DEV-SHARED-SCN-TRIAD-0010,3623.45,2372.45
TXN-0bc2ea72,ACC-00073,ACC-00063,168.46,2026-09-01T18:17:38Z,NEFT,DEV-DCCC3DB7A7,177881.54,177713.08
TXN-85c7f3be,ACC-00097,ACC-00076,107.71,2026-09-01T09:17:25Z,UPI,DEV-B4666B6275,138368.82,138261.11
TXN-90ce82e8,ACC-00092,ACC-00046,121.88,2026-09-01T08:15:24Z,IMPS,DEV-727A71FC4C,176452.26,176330.38
TXN-da2cf852,ACC-00010,ACC-00100,903.85,2026-09-01T21:45:09Z,UPI,DEV-SHARED-SCN-TRIAD-0010,4306.46,3402.61
TXN-92ebeab0,ACC-00073,ACC-00022,114.5,2026-09-01T02:28:10Z,UPI,DEV-DCCC3DB7A7,176985.66,176871.16
